valid_time,q_m3s
2001-06-02,45.0
2001-06-03,44.453125
2001-06-04,43.46875
2001-06-05,49.96875
2001-06-06,59.53125
2001-06-07,61.953125
2001-06-08,59.5625
2001-06-09,60.5
2001-06-10,65.828125
2001-06-11,71.59375
2001-06-12,74.765625
2001-06-13,71.90625
2001-06-14,152.09375
2001-06-15,237.125
2001-06-16,277.9375
2001-06-17,537.2344
2001-06-18,641.5781
2001-06-19,531.09375
2001-06-20,426.79688
2001-06-21,363.17188
2001-06-22,414.79688
2001-06-23,407.85938
2001-06-24,358.20312
2001-06-25,318.79688
2001-06-26,287.95312
2001-06-27,261.57812
2001-06-28,241.40625
2001-06-29,222.25
2001-06-30,210.4375
2001-07-01,209.59375
2001-07-02,211.32812
2001-07-03,206.32812
2001-07-04,198.3125
2001-07-05,188.48438
2001-07-06,178.48438
2001-07-07,166.0
2001-07-08,153.34375
2001-07-09,143.90625
2001-07-10,136.98438
2001-07-11,138.25
2001-07-12,157.59375
2001-07-13,182.21875
2001-07-14,187.70312
2001-07-15,178.51562
2001-07-16,167.875
2001-07-17,160.09375
2001-07-18,151.5625
2001-07-19,144.73438
2001-07-20,138.65625
2001-07-21,133.20312
2001-07-22,129.76562
2001-07-23,128.89062
2001-07-24,129.875
2001-07-25,132.625
2001-07-26,133.46875
2001-07-27,138.10938
2001-07-28,143.48438
2001-07-29,143.92188
2001-07-30,138.53125
2001-07-31,136.57812
2001-08-01,137.03125
2001-08-02,141.65625
2001-08-03,147.64062
2001-08-04,144.4375
2001-08-05,140.03125
2001-08-06,142.03125
2001-08-07,140.95312
2001-08-08,134.95312
2001-08-09,136.54688
2001-08-10,143.40625
2001-08-11,149.07812
2001-08-12,145.29688
2001-08-13,137.71875
2001-08-14,141.73438
2001-08-15,155.73438
2001-08-16,156.0
2001-08-17,148.71875
2001-08-18,139.78125
2001-08-19,131.28125
2001-08-20,125.21875
2001-08-21,116.6875
2001-08-22,107.890625
2001-08-23,100.453125
2001-08-24,94.09375
2001-08-25,89.75
2001-08-26,87.234375
2001-08-27,84.375
2001-08-28,83.609375
2001-08-29,80.671875
2001-08-30,77.4375
2001-08-31,76.5
2001-09-01,73.90625
2001-09-02,70.921875
2001-09-03,67.671875
2001-09-04,64.3125
2001-09-05,61.40625
2001-09-06,58.875
2001-09-07,59.625
2001-09-08,62.5625
2001-09-09,64.734375
2001-09-10,71.21875
2001-09-11,75.84375
2001-09-12,76.3125
2001-09-13,75.28125
2001-09-14,74.015625
2001-09-15,74.359375
2001-09-16,72.71875
2001-09-17,170.71875
2001-09-18,231.59375
2001-09-19,206.0
2001-09-20,188.17188
2001-09-21,171.6875
2001-09-22,156.73438
2001-09-23,143.375
2001-09-24,137.84375
2001-09-25,135.0
2001-09-26,130.1875
2001-09-27,124.203125
2001-09-28,121.734375
2001-09-29,118.9375
2001-09-30,113.90625
2001-10-01,108.484375
2002-06-02,45.890625
2002-06-03,45.796875
2002-06-04,44.640625
2002-06-05,43.515625
2002-06-06,42.125
2002-06-07,42.25
2002-06-08,43.0
2002-06-09,43.140625
2002-06-10,43.484375
2002-06-11,43.71875
2002-06-12,46.25
2002-06-13,47.140625
2002-06-14,46.890625
2002-06-15,47.84375
2002-06-16,48.90625
2002-06-17,50.1875
2002-06-18,49.78125
2002-06-19,49.59375
2002-06-20,48.765625
2002-06-21,46.875
2002-06-22,46.140625
2002-06-23,48.375
2002-06-24,54.703125
2002-06-25,56.203125
2002-06-26,57.046875
2002-06-27,62.65625
2002-06-28,65.578125
2002-06-29,65.28125
2002-06-30,67.234375
2002-07-01,79.15625
2002-07-02,122.0
2002-07-03,172.39062
2002-07-04,181.23438
2002-07-05,189.59375
2002-07-06,195.4375
2002-07-07,189.10938
2002-07-08,173.46875
2002-07-09,243.21875
2002-07-10,300.20312
2002-07-11,293.67188
2002-07-12,288.28125
2002-07-13,293.64062
2002-07-14,279.14062
2002-07-15,252.79688
2002-07-16,232.5625
2002-07-17,221.45312
2002-07-18,211.21875
2002-07-19,199.625
2002-07-20,190.21875
2002-07-21,206.03125
2002-07-22,311.14062
2002-07-23,534.6094
2002-07-24,632.84375
2002-07-25,556.0
2002-07-26,458.10938
2002-07-27,394.26562
2002-07-28,356.0625
2002-07-29,327.625
2002-07-30,306.28125
2002-07-31,291.82812
2002-08-01,281.125
2002-08-02,263.90625
2002-08-03,248.0
2002-08-04,241.51562
2002-08-05,238.53125
2002-08-06,230.8125
2002-08-07,219.625
2002-08-08,207.53125
2002-08-09,192.92188
2002-08-10,178.125
2002-08-11,167.65625
2002-08-12,160.76562
2002-08-13,155.34375
2002-08-14,151.0625
2002-08-15,148.75
2002-08-16,145.3125
2002-08-17,168.9375
2002-08-18,197.6875
2002-08-19,190.01562
2002-08-20,172.59375
2002-08-21,158.04688
2002-08-22,149.875
2002-08-23,150.6875
2002-08-24,144.625
2002-08-25,139.84375
2002-08-26,133.57812
2002-08-27,134.04688
2002-08-28,141.17188
2002-08-29,144.46875
2002-08-30,143.76562
2002-08-31,139.67188
2002-09-01,136.0
2002-09-02,129.35938
2002-09-03,121.5625
2002-09-04,116.8125
2002-09-05,114.53125
2002-09-06,114.703125
2002-09-07,115.828125
2002-09-08,118.390625
2002-09-09,124.203125
2002-09-10,137.17188
2002-09-11,149.79688
2002-09-12,150.59375
2002-09-13,141.23438
2002-09-14,132.5625
2002-09-15,125.546875
2002-09-16,118.96875
2002-09-17,113.234375
2002-09-18,111.359375
2002-09-19,109.328125
2002-09-20,108.828125
2002-09-21,113.203125
2002-09-22,118.359375
2002-09-23,124.171875
2002-09-24,128.23438
2002-09-25,124.734375
2002-09-26,117.0
2002-09-27,111.109375
2002-09-28,113.328125
2002-09-29,114.796875
2002-09-30,110.765625
2002-10-01,104.609375
2003-06-02,11.46875
2003-06-03,11.140625
2003-06-04,10.953125
2003-06-05,27.296875
2003-06-06,100.859375
2003-06-07,106.0625
2003-06-08,96.0625
2003-06-09,87.375
2003-06-10,78.3125
2003-06-11,81.5
2003-06-12,99.703125
2003-06-13,105.71875
2003-06-14,103.609375
2003-06-15,101.0625
2003-06-16,98.796875
2003-06-17,99.671875
2003-06-18,118.359375
2003-06-19,146.375
2003-06-20,143.45312
2003-06-21,138.45312
2003-06-22,152.25
2003-06-23,166.82812
2003-06-24,163.96875
2003-06-25,153.34375
2003-06-26,154.65625
2003-06-27,195.54688
2003-06-28,221.21875
2003-06-29,219.79688
2003-06-30,232.45312
2003-07-01,241.96875
2003-07-02,231.95312
2003-07-03,217.92188
2003-07-04,209.45312
2003-07-05,196.23438
2003-07-06,180.21875
2003-07-07,169.45312
2003-07-08,160.0
2003-07-09,150.57812
2003-07-10,140.34375
2003-07-11,135.51562
2003-07-12,133.8125
2003-07-13,134.45312
2003-07-14,135.75
2003-07-15,133.07812
2003-07-16,129.29688
2003-07-17,122.375
2003-07-18,116.453125
2003-07-19,113.140625
2003-07-20,108.125
2003-07-21,102.40625
2003-07-22,97.15625
2003-07-23,97.96875
2003-07-24,97.875
2003-07-25,97.421875
2003-07-26,106.75
2003-07-27,112.015625
2003-07-28,114.96875
2003-07-29,113.234375
2003-07-30,117.0625
2003-07-31,126.84375
2003-08-01,129.48438
2003-08-02,125.875
2003-08-03,124.96875
2003-08-04,126.5625
2003-08-05,122.921875
2003-08-06,116.453125
2003-08-07,108.5625
2003-08-08,100.953125
2003-08-09,95.109375
2003-08-10,90.859375
2003-08-11,92.84375
2003-08-12,96.984375
2003-08-13,104.078125
2003-08-14,107.03125
2003-08-15,107.78125
2003-08-16,109.078125
2003-08-17,108.25
2003-08-18,106.03125
2003-08-19,103.8125
2003-08-20,103.609375
2003-08-21,102.796875
2003-08-22,99.59375
2003-08-23,99.6875
2003-08-24,99.09375
2003-08-25,99.296875
2003-08-26,109.703125
2003-08-27,116.109375
2003-08-28,113.3125
2003-08-29,107.0625
2003-08-30,104.0
2003-08-31,103.84375
2003-09-01,107.828125
2003-09-02,118.078125
2003-09-03,127.921875
2003-09-04,127.9375
2003-09-05,122.515625
2003-09-06,117.9375
2003-09-07,116.21875
2003-09-08,124.28125
2003-09-09,132.8125
2003-09-10,129.60938
2003-09-11,128.39062
2003-09-12,167.5
2003-09-13,196.98438
2003-09-14,183.8125
2003-09-15,164.65625
2003-09-16,150.95312
2003-09-17,142.1875
2003-09-18,134.98438
2003-09-19,127.828125
2003-09-20,119.78125
2003-09-21,116.84375
2003-09-22,116.328125
2003-09-23,115.609375
2003-09-24,116.40625
2003-09-25,119.140625
2003-09-26,130.51562
2003-09-27,134.8125
2003-09-28,130.75
2003-09-29,128.45312
2003-09-30,124.671875
2003-10-01,119.09375
2004-06-02,46.21875
2004-06-03,44.390625
2004-06-04,46.015625
2004-06-05,49.53125
2004-06-06,51.109375
2004-06-07,51.21875
2004-06-08,50.484375
2004-06-09,50.28125
2004-06-10,48.640625
2004-06-11,47.6875
2004-06-12,49.421875
2004-06-13,50.875
2004-06-14,50.15625
2004-06-15,49.765625
2004-06-16,50.109375
2004-06-17,51.71875
2004-06-18,62.234375
2004-06-19,294.82812
2004-06-20,456.375
2004-06-21,610.59375
2004-06-22,626.5781
2004-06-23,575.7969
2004-06-24,485.65625
2004-06-25,439.26562
2004-06-26,407.90625
2004-06-27,358.76562
2004-06-28,323.0
2004-06-29,298.51562
2004-06-30,283.64062
2004-07-01,262.17188
2004-07-02,240.5
2004-07-03,222.51562
2004-07-04,213.28125
2004-07-05,199.8125
2004-07-06,186.34375
2004-07-07,180.17188
2004-07-08,171.875
2004-07-09,171.76562
2004-07-10,204.75
2004-07-11,353.75
2004-07-12,462.29688
2004-07-13,423.75
2004-07-14,357.51562
2004-07-15,314.70312
2004-07-16,291.14062
2004-07-17,272.59375
2004-07-18,255.48438
2004-07-19,244.82812
2004-07-20,253.625
2004-07-21,321.32812
2004-07-22,343.51562
2004-07-23,313.28125
2004-07-24,282.21875
2004-07-25,254.42188
2004-07-26,236.42188
2004-07-27,222.73438
2004-07-28,211.15625
2004-07-29,198.26562
2004-07-30,184.67188
2004-07-31,175.75
2004-08-01,170.40625
2004-08-02,162.32812
2004-08-03,152.42188
2004-08-04,141.59375
2004-08-05,131.3125
2004-08-06,132.34375
2004-08-07,137.59375
2004-08-08,135.28125
2004-08-09,133.26562
2004-08-10,136.09375
2004-08-11,143.51562
2004-08-12,150.875
2004-08-13,188.89062
2004-08-14,223.25
2004-08-15,209.375
2004-08-16,189.78125
2004-08-17,173.23438
2004-08-18,158.67188
2004-08-19,149.59375
2004-08-20,140.71875
2004-08-21,132.85938
2004-08-22,126.96875
2004-08-23,119.515625
2004-08-24,112.328125
2004-08-25,109.609375
2004-08-26,108.421875
2004-08-27,109.9375
2004-08-28,111.234375
2004-08-29,112.609375
2004-08-30,112.40625
2004-08-31,109.03125
2004-09-01,109.96875
2004-09-02,112.125
2004-09-03,121.875
2004-09-04,130.59375
2004-09-05,130.85938
2004-09-06,130.46875
2004-09-07,131.59375
2004-09-08,129.07812
2004-09-09,122.640625
2004-09-10,118.625
2004-09-11,121.390625
2004-09-12,171.21875
2004-09-13,207.42188
2004-09-14,204.45312
2004-09-15,190.51562
2004-09-16,177.3125
2004-09-17,167.76562
2004-09-18,156.98438
2004-09-19,148.01562
2004-09-20,143.57812
2004-09-21,138.32812
2004-09-22,134.5625
2004-09-23,137.32812
2004-09-24,141.07812
2004-09-25,138.79688
2004-09-26,132.84375
2004-09-27,126.03125
2004-09-28,117.75
2004-09-29,112.90625
2004-09-30,108.109375
2004-10-01,102.15625
2005-06-02,8.5
2005-06-03,8.453125
2005-06-04,8.421875
2005-06-05,8.390625
2005-06-06,8.375
2005-06-07,8.375
2005-06-08,8.359375
2005-06-09,8.3125
2005-06-10,8.296875
2005-06-11,8.359375
2005-06-12,8.484375
2005-06-13,8.75
2005-06-14,9.09375
2005-06-15,9.078125
2005-06-16,8.953125
2005-06-17,9.265625
2005-06-18,10.359375
2005-06-19,12.078125
2005-06-20,13.015625
2005-06-21,12.546875
2005-06-22,11.734375
2005-06-23,11.234375
2005-06-24,11.453125
2005-06-25,11.796875
2005-06-26,12.21875
2005-06-27,13.625
2005-06-28,19.40625
2005-06-29,28.140625
2005-06-30,35.390625
2005-07-01,39.359375
2005-07-02,47.203125
2005-07-03,89.171875
2005-07-04,127.65625
2005-07-05,126.671875
2005-07-06,127.578125
2005-07-07,120.5
2005-07-08,108.984375
2005-07-09,98.234375
2005-07-10,89.140625
2005-07-11,84.3125
2005-07-12,81.671875
2005-07-13,77.375
2005-07-14,72.796875
2005-07-15,69.421875
2005-07-16,67.328125
2005-07-17,64.90625
2005-07-18,62.859375
2005-07-19,62.015625
2005-07-20,60.625
2005-07-21,60.078125
2005-07-22,60.078125
2005-07-23,61.875
2005-07-24,63.546875
2005-07-25,62.390625
2005-07-26,58.671875
2005-07-27,55.671875
2005-07-28,57.28125
2005-07-29,60.4375
2005-07-30,61.453125
2005-07-31,59.34375
2005-08-01,56.46875
2005-08-02,55.28125
2005-08-03,55.078125
2005-08-04,54.734375
2005-08-05,54.875
2005-08-06,59.28125
2005-08-07,73.125
2005-08-08,82.765625
2005-08-09,119.390625
2005-08-10,178.20312
2005-08-11,187.40625
2005-08-12,183.45312
2005-08-13,180.65625
2005-08-14,172.0
2005-08-15,163.5625
2005-08-16,158.14062
2005-08-17,153.5625
2005-08-18,146.39062
2005-08-19,141.64062
2005-08-20,135.40625
2005-08-21,131.48438
2005-08-22,128.48438
2005-08-23,126.59375
2005-08-24,128.6875
2005-08-25,134.125
2005-08-26,141.84375
2005-08-27,144.82812
2005-08-28,139.89062
2005-08-29,136.65625
2005-08-30,135.14062
2005-08-31,132.15625
2005-09-01,126.515625
2005-09-02,124.53125
2005-09-03,160.48438
2005-09-04,200.42188
2005-09-05,192.42188
2005-09-06,177.17188
2005-09-07,168.0625
2005-09-08,159.84375
2005-09-09,158.875
2005-09-10,163.28125
2005-09-11,176.10938
2005-09-12,188.17969
2005-09-13,191.08594
2005-09-14,183.03125
2005-09-15,174.01562
2005-09-16,183.80469
2005-09-17,216.67188
2005-09-18,235.82812
2005-09-19,222.72656
2005-09-20,200.9375
2005-09-21,208.75
2005-09-22,214.57812
2005-09-23,201.92188
2005-09-24,192.01562
2005-09-25,185.89844
2005-09-26,179.79688
2005-09-27,171.16406
2005-09-28,163.66406
2005-09-29,158.15625
2005-09-30,153.75781
2005-10-01,157.35156
2006-06-02,55.6875
2006-06-03,53.375
2006-06-04,51.25
2006-06-05,52.125
2006-06-06,57.125
2006-06-07,60.0
2006-06-08,61.03125
2006-06-09,62.9375
2006-06-10,68.28125
2006-06-11,72.1875
2006-06-12,75.625
2006-06-13,76.40625
2006-06-14,75.5
2006-06-15,75.5
2006-06-16,75.1875
2006-06-17,72.3125
2006-06-18,68.96875
2006-06-19,65.75
2006-06-20,61.84375
2006-06-21,63.28125
2006-06-22,72.5625
2006-06-23,78.75
2006-06-24,79.8125
2006-06-25,80.53125
2006-06-26,82.8125
2006-06-27,86.40625
2006-06-28,92.390625
2006-06-29,94.546875
2006-06-30,89.953125
2006-07-01,87.40625
2006-07-02,83.390625
2006-07-03,77.25
2006-07-04,75.8125
2006-07-05,82.75
2006-07-06,86.734375
2006-07-07,87.125
2006-07-08,87.875
2006-07-09,96.421875
2006-07-10,115.421875
2006-07-11,151.09375
2006-07-12,177.25
2006-07-13,176.375
2006-07-14,168.42188
2006-07-15,158.42188
2006-07-16,156.28125
2006-07-17,149.03125
2006-07-18,138.59375
2006-07-19,130.78125
2006-07-20,127.390625
2006-07-21,130.125
2006-07-22,129.35938
2006-07-23,125.015625
2006-07-24,119.015625
2006-07-25,114.6875
2006-07-26,111.21875
2006-07-27,109.328125
2006-07-28,124.578125
2006-07-29,197.98438
2006-07-30,235.375
2006-07-31,217.0625
2006-08-01,194.10938
2006-08-02,176.96875
2006-08-03,161.39062
2006-08-04,146.67188
2006-08-05,136.15625
2006-08-06,133.71875
2006-08-07,137.92188
2006-08-08,138.0625
2006-08-09,133.0625
2006-08-10,131.51562
2006-08-11,138.67188
2006-08-12,139.78125
2006-08-13,133.04688
2006-08-14,123.96875
2006-08-15,148.85938
2006-08-16,188.5
2006-08-17,194.5
2006-08-18,180.46875
2006-08-19,163.625
2006-08-20,150.09375
2006-08-21,143.15625
2006-08-22,141.60938
2006-08-23,143.3125
2006-08-24,146.32812
2006-08-25,149.51562
2006-08-26,149.32812
2006-08-27,142.25
2006-08-28,132.375
2006-08-29,125.96875
2006-08-30,121.765625
2006-08-31,124.40625
2006-09-01,124.09375
2006-09-02,137.78125
2006-09-03,164.32812
2006-09-04,177.4375
2006-09-05,167.35938
2006-09-06,152.23438
2006-09-07,139.6875
2006-09-08,128.14062
2006-09-09,117.65625
2006-09-10,109.0
2006-09-11,105.484375
2006-09-12,106.265625
2006-09-13,104.921875
2006-09-14,99.625
2006-09-15,95.640625
2006-09-16,96.46875
2006-09-17,95.71875
2006-09-18,93.203125
2006-09-19,149.96875
2006-09-20,238.9375
2006-09-21,355.4375
2006-09-22,352.17188
2006-09-23,295.125
2006-09-24,256.5547
2006-09-25,227.375
2006-09-26,206.88281
2006-09-27,189.52344
2006-09-28,173.53906
2006-09-29,165.32812
2006-09-30,164.60938
2006-10-01,167.32031
2007-06-02,75.796875
2007-06-03,69.828125
2007-06-04,63.28125
2007-06-05,57.390625
2007-06-06,53.125
2007-06-07,52.453125
2007-06-08,54.046875
2007-06-09,54.9375
2007-06-10,54.0625
2007-06-11,52.421875
2007-06-12,52.6875
2007-06-13,55.6875
2007-06-14,67.9375
2007-06-15,79.375
2007-06-16,85.96875
2007-06-17,93.875
2007-06-18,99.671875
2007-06-19,100.890625
2007-06-20,96.421875
2007-06-21,93.203125
2007-06-22,92.703125
2007-06-23,89.65625
2007-06-24,85.71875
2007-06-25,86.234375
2007-06-26,88.28125
2007-06-27,87.046875
2007-06-28,82.15625
2007-06-29,80.140625
2007-06-30,83.40625
2007-07-01,89.265625
2007-07-02,101.15625
2007-07-03,124.703125
2007-07-04,145.57812
2007-07-05,183.65625
2007-07-06,228.34375
2007-07-07,249.21875
2007-07-08,246.76562
2007-07-09,233.46875
2007-07-10,212.9375
2007-07-11,192.54688
2007-07-12,175.85938
2007-07-13,163.92188
2007-07-14,155.71875
2007-07-15,149.20312
2007-07-16,147.5
2007-07-17,142.95312
2007-07-18,141.125
2007-07-19,147.84375
2007-07-20,183.90625
2007-07-21,413.53125
2007-07-22,659.2656
2007-07-23,597.46875
2007-07-24,489.90625
2007-07-25,435.0625
2007-07-26,404.71875
2007-07-27,376.48438
2007-07-28,351.45312
2007-07-29,335.98438
2007-07-30,323.20312
2007-07-31,299.42188
2007-08-01,277.45312
2007-08-02,259.25
2007-08-03,242.79688
2007-08-04,227.89062
2007-08-05,212.65625
2007-08-06,199.40625
2007-08-07,185.0
2007-08-08,176.17188
2007-08-09,168.9375
2007-08-10,159.85938
2007-08-11,149.59375
2007-08-12,145.125
2007-08-13,141.26562
2007-08-14,141.15625
2007-08-15,147.82812
2007-08-16,149.9375
2007-08-17,149.29688
2007-08-18,149.0
2007-08-19,145.17188
2007-08-20,139.45312
2007-08-21,136.79688
2007-08-22,137.70312
2007-08-23,140.17188
2007-08-24,142.70312
2007-08-25,146.625
2007-08-26,149.46875
2007-08-27,153.84375
2007-08-28,163.85938
2007-08-29,172.875
2007-08-30,176.76562
2007-08-31,171.5
2007-09-01,165.0
2007-09-02,162.90625
2007-09-03,156.90625
2007-09-04,152.5625
2007-09-05,157.84375
2007-09-06,181.9375
2007-09-07,239.59375
2007-09-08,267.20312
2007-09-09,264.57812
2007-09-10,254.45312
2007-09-11,239.95312
2007-09-12,228.26562
2007-09-13,218.59375
2007-09-14,206.53125
2007-09-15,195.67188
2007-09-16,183.875
2007-09-17,176.6875
2007-09-18,177.14062
2007-09-19,179.75
2007-09-20,180.5
2007-09-21,180.4375
2007-09-22,180.375
2007-09-23,173.48438
2007-09-24,170.78906
2007-09-25,167.34375
2007-09-26,163.21094
2007-09-27,155.58594
2007-09-28,148.59375
2007-09-29,147.9375
2007-09-30,146.19531
2007-10-01,145.08594
2008-06-02,13.4375
2008-06-03,14.0
2008-06-04,14.21875
2008-06-05,14.1875
2008-06-06,14.34375
2008-06-07,15.0
2008-06-08,15.90625
2008-06-09,17.03125
2008-06-10,18.4375
2008-06-11,19.71875
2008-06-12,19.59375
2008-06-13,18.96875
2008-06-14,18.6875
2008-06-15,18.34375
2008-06-16,17.6875
2008-06-17,17.25
2008-06-18,27.0625
2008-06-19,56.8125
2008-06-20,72.125
2008-06-21,75.46875
2008-06-22,75.125
2008-06-23,73.125
2008-06-24,69.625
2008-06-25,68.96875
2008-06-26,67.59375
2008-06-27,63.9375
2008-06-28,61.90625
2008-06-29,63.6875
2008-06-30,83.0
2008-07-01,114.28125
2008-07-02,131.96875
2008-07-03,185.90625
2008-07-04,244.10938
2008-07-05,324.98438
2008-07-06,579.9375
2008-07-07,744.15625
2008-07-08,731.1406
2008-07-09,602.75
2008-07-10,490.98438
2008-07-11,421.70312
2008-07-12,379.09375
2008-07-13,348.07812
2008-07-14,328.53125
2008-07-15,318.9375
2008-07-16,310.3125
2008-07-17,299.15625
2008-07-18,287.39062
2008-07-19,282.23438
2008-07-20,275.29688
2008-07-21,263.3125
2008-07-22,254.04688
2008-07-23,242.59375
2008-07-24,234.34375
2008-07-25,225.45312
2008-07-26,218.0
2008-07-27,214.375
2008-07-28,205.375
2008-07-29,194.23438
2008-07-30,181.29688
2008-07-31,172.3125
2008-08-01,167.35938
2008-08-02,161.375
2008-08-03,156.29688
2008-08-04,152.70312
2008-08-05,146.65625
2008-08-06,141.76562
2008-08-07,142.375
2008-08-08,142.1875
2008-08-09,138.15625
2008-08-10,134.54688
2008-08-11,133.0
2008-08-12,132.5625
2008-08-13,130.28125
2008-08-14,127.015625
2008-08-15,132.15625
2008-08-16,146.23438
2008-08-17,158.5
2008-08-18,174.625
2008-08-19,188.375
2008-08-20,186.26562
2008-08-21,178.95312
2008-08-22,171.15625
2008-08-23,161.07812
2008-08-24,157.95312
2008-08-25,160.09375
2008-08-26,165.8125
2008-08-27,167.6875
2008-08-28,162.84375
2008-08-29,157.46875
2008-08-30,155.96875
2008-08-31,156.70312
2008-09-01,156.4375
2008-09-02,153.875
2008-09-03,146.42188
2008-09-04,137.92188
2008-09-05,134.78125
2008-09-06,135.89062
2008-09-07,139.42188
2008-09-08,136.57812
2008-09-09,136.84375
2008-09-10,133.20312
2008-09-11,125.71875
2008-09-12,124.1875
2008-09-13,128.6875
2008-09-14,132.75
2008-09-15,133.98438
2008-09-16,136.35938
2008-09-17,138.29688
2008-09-18,136.875
2008-09-19,131.5
2008-09-20,130.59375
2008-09-21,130.375
2008-09-22,134.9375
2008-09-23,137.28125
2008-09-24,135.15625
2008-09-25,131.15625
2008-09-26,128.01562
2008-09-27,124.8125
2008-09-28,144.57812
2008-09-29,175.79688
2008-09-30,173.98438
2008-10-01,158.40625
2009-06-02,10.34375
2009-06-03,10.625
2009-06-04,11.125
2009-06-05,11.5
2009-06-06,11.8125
2009-06-07,12.25
2009-06-08,13.125
2009-06-09,14.96875
2009-06-10,17.40625
2009-06-11,17.71875
2009-06-12,16.625
2009-06-13,15.625
2009-06-14,15.0
2009-06-15,14.53125
2009-06-16,14.34375
2009-06-17,14.1875
2009-06-18,14.09375
2009-06-19,14.59375
2009-06-20,16.5625
2009-06-21,22.96875
2009-06-22,29.28125
2009-06-23,29.75
2009-06-24,28.03125
2009-06-25,27.28125
2009-06-26,28.21875
2009-06-27,28.5625
2009-06-28,26.75
2009-06-29,25.78125
2009-06-30,26.625
2009-07-01,29.90625
2009-07-02,33.53125
2009-07-03,34.6875
2009-07-04,38.03125
2009-07-05,41.875
2009-07-06,44.03125
2009-07-07,45.28125
2009-07-08,48.15625
2009-07-09,53.5625
2009-07-10,60.375
2009-07-11,66.03125
2009-07-12,69.53125
2009-07-13,70.46875
2009-07-14,69.34375
2009-07-15,66.8125
2009-07-16,68.40625
2009-07-17,75.25
2009-07-18,76.15625
2009-07-19,73.53125
2009-07-20,71.03125
2009-07-21,67.6875
2009-07-22,65.625
2009-07-23,69.59375
2009-07-24,76.65625
2009-07-25,79.21875
2009-07-26,76.03125
2009-07-27,72.828125
2009-07-28,88.0
2009-07-29,121.609375
2009-07-30,145.64062
2009-07-31,213.54688
2009-08-01,248.70312
2009-08-02,232.39062
2009-08-03,213.59375
2009-08-04,205.0625
2009-08-05,198.23438
2009-08-06,186.03125
2009-08-07,349.67188
2009-08-08,755.46875
2009-08-09,870.3906
2009-08-10,690.0625
2009-08-11,537.9844
2009-08-12,448.23438
2009-08-13,390.17188
2009-08-14,348.57812
2009-08-15,324.90625
2009-08-16,304.98438
2009-08-17,283.89062
2009-08-18,260.6875
2009-08-19,246.09375
2009-08-20,257.17188
2009-08-21,271.5625
2009-08-22,285.6875
2009-08-23,302.79688
2009-08-24,299.82812
2009-08-25,282.65625
2009-08-26,264.51562
2009-08-27,308.10938
2009-08-28,326.40625
2009-08-29,298.07812
2009-08-30,265.75
2009-08-31,247.71875
2009-09-01,243.45312
2009-09-02,235.14062
2009-09-03,227.53125
2009-09-04,224.01562
2009-09-05,216.90625
2009-09-06,206.21875
2009-09-07,195.78125
2009-09-08,215.48438
2009-09-09,391.25
2009-09-10,431.9375
2009-09-11,377.71875
2009-09-12,333.54688
2009-09-13,299.79688
2009-09-14,273.60938
2009-09-15,254.96875
2009-09-16,242.09375
2009-09-17,230.14062
2009-09-18,221.67188
2009-09-19,210.1875
2009-09-20,197.46875
2009-09-21,194.85938
2009-09-22,196.57812
2009-09-23,210.625
2009-09-24,220.9375
2009-09-25,212.59375
2009-09-26,202.54688
2009-09-27,190.85938
2009-09-28,180.40625
2009-09-29,170.15625
2009-09-30,165.875
2009-10-01,157.5
2010-06-02,42.96875
2010-06-03,44.1875
2010-06-04,43.28125
2010-06-05,40.46875
2010-06-06,38.3125
2010-06-07,38.65625
2010-06-08,39.65625
2010-06-09,38.84375
2010-06-10,36.40625
2010-06-11,35.53125
2010-06-12,36.140625
2010-06-13,38.640625
2010-06-14,58.578125
2010-06-15,406.89062
2010-06-16,544.28125
2010-06-17,421.95312
2010-06-18,321.57812
2010-06-19,270.95312
2010-06-20,241.92188
2010-06-21,216.1875
2010-06-22,195.625
2010-06-23,181.9375
2010-06-24,171.71875
2010-06-25,163.78125
2010-06-26,154.42188
2010-06-27,149.32812
2010-06-28,144.3125
2010-06-29,136.0
2010-06-30,133.71875
2010-07-01,133.1875
2010-07-02,127.921875
2010-07-03,119.546875
2010-07-04,116.78125
2010-07-05,115.359375
2010-07-06,113.703125
2010-07-07,115.921875
2010-07-08,117.109375
2010-07-09,113.140625
2010-07-10,110.75
2010-07-11,108.75
2010-07-12,121.515625
2010-07-13,156.4375
2010-07-14,177.59375
2010-07-15,169.85938
2010-07-16,159.20312
2010-07-17,150.45312
2010-07-18,140.46875
2010-07-19,132.04688
2010-07-20,134.17188
2010-07-21,143.28125
2010-07-22,146.79688
2010-07-23,150.01562
2010-07-24,150.15625
2010-07-25,154.64062
2010-07-26,165.89062
2010-07-27,178.0625
2010-07-28,172.07812
2010-07-29,159.57812
2010-07-30,149.25
2010-07-31,144.8125
2010-08-01,144.29688
2010-08-02,151.34375
2010-08-03,160.89062
2010-08-04,158.98438
2010-08-05,151.73438
2010-08-06,141.32812
2010-08-07,132.625
2010-08-08,126.96875
2010-08-09,120.75
2010-08-10,113.40625
2010-08-11,106.375
2010-08-12,104.875
2010-08-13,109.28125
2010-08-14,124.28125
2010-08-15,142.26562
2010-08-16,148.89062
2010-08-17,146.79688
2010-08-18,143.84375
2010-08-19,138.75
2010-08-20,132.92188
2010-08-21,131.96875
2010-08-22,132.51562
2010-08-23,126.390625
2010-08-24,116.28125
2010-08-25,108.6875
2010-08-26,110.34375
2010-08-27,111.859375
2010-08-28,113.828125
2010-08-29,123.796875
2010-08-30,136.53125
2010-08-31,143.6875
2010-09-01,141.48438
2010-09-02,136.40625
2010-09-03,129.0625
2010-09-04,121.578125
2010-09-05,120.5625
2010-09-06,117.5
2010-09-07,111.90625
2010-09-08,107.609375
2010-09-09,102.03125
2010-09-10,98.109375
2010-09-11,102.234375
2010-09-12,106.484375
2010-09-13,109.34375
2010-09-14,113.65625
2010-09-15,119.953125
2010-09-16,132.35938
2010-09-17,140.76562
2010-09-18,140.25
2010-09-19,135.0625
2010-09-20,133.42188
2010-09-21,131.34375
2010-09-22,132.40625
2010-09-23,136.42188
2010-09-24,137.67188
2010-09-25,137.38281
2010-09-26,137.41406
2010-09-27,133.51562
2010-09-28,129.07031
2010-09-29,123.015625
2010-09-30,116.59375
2010-10-01,115.65625
2011-06-02,41.71875
2011-06-03,43.84375
2011-06-04,42.625
2011-06-05,39.46875
2011-06-06,36.75
2011-06-07,34.21875
2011-06-08,34.78125
2011-06-09,39.0625
2011-06-10,45.40625
2011-06-11,54.21875
2011-06-12,56.34375
2011-06-13,55.5625
2011-06-14,54.65625
2011-06-15,53.28125
2011-06-16,50.59375
2011-06-17,49.875
2011-06-18,52.34375
2011-06-19,53.84375
2011-06-20,56.03125
2011-06-21,56.78125
2011-06-22,58.4375
2011-06-23,60.71875
2011-06-24,60.25
2011-06-25,84.90625
2011-06-26,332.125
2011-06-27,382.78125
2011-06-28,301.53125
2011-06-29,303.625
2011-06-30,285.96875
2011-07-01,271.59375
2011-07-02,277.40625
2011-07-03,345.4375
2011-07-04,369.5
2011-07-05,339.3125
2011-07-06,305.875
2011-07-07,280.5625
2011-07-08,268.65625
2011-07-09,263.0625
2011-07-10,248.84375
2011-07-11,230.8125
2011-07-12,218.17188
2011-07-13,205.10938
2011-07-14,189.20312
2011-07-15,183.21875
2011-07-16,187.40625
2011-07-17,188.84375
2011-07-18,183.57812
2011-07-19,192.95312
2011-07-20,251.92188
2011-07-21,389.96875
2011-07-22,502.35938
2011-07-23,471.125
2011-07-24,400.0625
2011-07-25,345.9375
2011-07-26,305.15625
2011-07-27,282.98438
2011-07-28,261.53125
2011-07-29,241.25
2011-07-30,225.29688
2011-07-31,214.21875
2011-08-01,201.75
2011-08-02,188.4375
2011-08-03,181.59375
2011-08-04,174.46875
2011-08-05,178.125
2011-08-06,182.40625
2011-08-07,183.67188
2011-08-08,187.3125
2011-08-09,218.20312
2011-08-10,281.9375
2011-08-11,320.04688
2011-08-12,386.76562
2011-08-13,390.21875
2011-08-14,349.54688
2011-08-15,315.0
2011-08-16,292.03125
2011-08-17,272.20312
2011-08-18,254.5625
2011-08-19,246.07812
2011-08-20,232.29688
2011-08-21,220.5
2011-08-22,218.35938
2011-08-23,223.46875
2011-08-24,226.82812
2011-08-25,218.84375
2011-08-26,208.59375
2011-08-27,205.01562
2011-08-28,210.875
2011-08-29,212.79688
2011-08-30,201.96875
2011-08-31,193.01562
2011-09-01,183.67188
2011-09-02,182.15625
2011-09-03,207.04688
2011-09-04,223.82812
2011-09-05,212.54688
2011-09-06,196.40625
2011-09-07,212.71875
2011-09-08,230.59375
2011-09-09,227.85938
2011-09-10,215.875
2011-09-11,202.84375
2011-09-12,188.07812
2011-09-13,176.10938
2011-09-14,166.375
2011-09-15,164.79688
2011-09-16,164.875
2011-09-17,163.45312
2011-09-18,162.67188
2011-09-19,158.35938
2011-09-20,152.04688
2011-09-21,149.73438
2011-09-22,147.32812
2011-09-23,143.5
2011-09-24,137.14062
2011-09-25,129.51562
2011-09-26,122.97656
2011-09-27,115.640625
2011-09-28,108.60156
2011-09-29,101.47656
2011-09-30,94.375
2011-10-01,90.5
2012-06-02,40.5
2012-06-03,47.28125
2012-06-04,45.40625
2012-06-05,40.875
2012-06-06,36.8125
2012-06-07,33.75
2012-06-08,31.5
2012-06-09,29.40625
2012-06-10,29.78125
2012-06-11,33.0625
2012-06-12,35.5625
2012-06-13,35.90625
2012-06-14,35.5625
2012-06-15,37.5
2012-06-16,39.25
2012-06-17,50.25
2012-06-18,77.34375
2012-06-19,79.90625
2012-06-20,72.625
2012-06-21,73.46875
2012-06-22,74.75
2012-06-23,72.1875
2012-06-24,75.625
2012-06-25,349.625
2012-06-26,636.3125
2012-06-27,613.125
2012-06-28,490.46875
2012-06-29,394.59375
2012-06-30,336.125
2012-07-01,307.125
2012-07-02,286.25
2012-07-03,261.3125
2012-07-04,240.3125
2012-07-05,223.0
2012-07-06,207.35938
2012-07-07,193.54688
2012-07-08,183.67188
2012-07-09,180.70312
2012-07-10,176.15625
2012-07-11,167.53125
2012-07-12,161.15625
2012-07-13,154.5
2012-07-14,149.5
2012-07-15,146.3125
2012-07-16,145.25
2012-07-17,146.98438
2012-07-18,147.78125
2012-07-19,153.9375
2012-07-20,158.21875
2012-07-21,154.64062
2012-07-22,144.89062
2012-07-23,141.73438
2012-07-24,157.48438
2012-07-25,174.28125
2012-07-26,169.39062
2012-07-27,161.6875
2012-07-28,167.1875
2012-07-29,177.125
2012-07-30,194.60938
2012-07-31,204.96875
2012-08-01,205.26562
2012-08-02,205.14062
2012-08-03,194.95312
2012-08-04,180.04688
2012-08-05,166.07812
2012-08-06,157.10938
2012-08-07,151.0625
2012-08-08,146.17188
2012-08-09,158.20312
2012-08-10,175.85938
2012-08-11,180.29688
2012-08-12,188.73438
2012-08-13,194.15625
2012-08-14,199.6875
2012-08-15,201.57812
2012-08-16,202.65625
2012-08-17,192.76562
2012-08-18,182.89062
2012-08-19,171.29688
2012-08-20,166.73438
2012-08-21,173.54688
2012-08-22,176.20312
2012-08-23,169.5625
2012-08-24,159.04688
2012-08-25,151.34375
2012-08-26,146.17188
2012-08-27,142.95312
2012-08-28,136.45312
2012-08-29,134.6875
2012-08-30,141.1875
2012-08-31,145.79688
2012-09-01,143.42188
2012-09-02,136.95312
2012-09-03,131.9375
2012-09-04,126.90625
2012-09-05,136.42188
2012-09-06,159.53125
2012-09-07,163.60938
2012-09-08,156.20312
2012-09-09,149.0
2012-09-10,152.8125
2012-09-11,149.625
2012-09-12,143.48438
2012-09-13,138.42188
2012-09-14,132.64062
2012-09-15,132.35938
2012-09-16,129.85938
2012-09-17,126.078125
2012-09-18,121.171875
2012-09-19,115.515625
2012-09-20,109.203125
2012-09-21,102.4375
2012-09-22,97.640625
2012-09-23,92.984375
2012-09-24,88.078125
2012-09-25,85.015625
2012-09-26,84.890625
2012-09-27,85.34375
2012-09-28,85.5
2012-09-29,84.203125
2012-09-30,82.92969
2012-10-01,83.38281
2013-06-02,121.8125
2013-06-03,108.9375
2013-06-04,98.5
2013-06-05,93.1875
2013-06-06,88.9375
2013-06-07,86.75
2013-06-08,91.375
2013-06-09,94.84375
2013-06-10,97.625
2013-06-11,99.15625
2013-06-12,99.90625
2013-06-13,107.28125
2013-06-14,113.75
2013-06-15,112.375
2013-06-16,107.53125
2013-06-17,101.03125
2013-06-18,94.0625
2013-06-19,87.78125
2013-06-20,81.875
2013-06-21,76.25
2013-06-22,73.40625
2013-06-23,74.71875
2013-06-24,73.5625
2013-06-25,68.46875
2013-06-26,65.5
2013-06-27,67.125
2013-06-28,73.03125
2013-06-29,85.40625
2013-06-30,158.9375
2013-07-01,216.78125
2013-07-02,195.0
2013-07-03,179.35938
2013-07-04,170.28125
2013-07-05,164.59375
2013-07-06,159.54688
2013-07-07,154.15625
2013-07-08,145.59375
2013-07-09,141.0625
2013-07-10,138.40625
2013-07-11,134.04688
2013-07-12,126.890625
2013-07-13,126.40625
2013-07-14,134.1875
2013-07-15,133.34375
2013-07-16,128.5
2013-07-17,122.78125
2013-07-18,118.46875
2013-07-19,117.875
2013-07-20,113.15625
2013-07-21,107.546875
2013-07-22,104.0
2013-07-23,98.5
2013-07-24,92.234375
2013-07-25,88.34375
2013-07-26,87.015625
2013-07-27,104.625
2013-07-28,152.25
2013-07-29,235.90625
2013-07-30,260.51562
2013-07-31,241.46875
2013-08-01,222.60938
2013-08-02,205.20312
2013-08-03,188.73438
2013-08-04,175.57812
2013-08-05,166.45312
2013-08-06,158.70312
2013-08-07,149.4375
2013-08-08,143.96875
2013-08-09,136.42188
2013-08-10,126.0625
2013-08-11,116.9375
2013-08-12,117.96875
2013-08-13,118.984375
2013-08-14,115.09375
2013-08-15,113.8125
2013-08-16,111.390625
2013-08-17,112.21875
2013-08-18,147.78125
2013-08-19,294.28125
2013-08-20,469.90625
2013-08-21,451.92188
2013-08-22,383.34375
2013-08-23,326.39062
2013-08-24,287.20312
2013-08-25,262.9375
2013-08-26,242.35938
2013-08-27,234.4375
2013-08-28,240.51562
2013-08-29,232.35938
2013-08-30,217.23438
2013-08-31,206.59375
2013-09-01,196.21875
2013-09-02,188.59375
2013-09-03,181.75
2013-09-04,174.45312
2013-09-05,173.1875
2013-09-06,180.23438
2013-09-07,177.04688
2013-09-08,170.70312
2013-09-09,164.92188
2013-09-10,165.45312
2013-09-11,162.29688
2013-09-12,157.5625
2013-09-13,156.28125
2013-09-14,150.21875
2013-09-15,148.53125
2013-09-16,150.0625
2013-09-17,151.45312
2013-09-18,156.34375
2013-09-19,160.96875
2013-09-20,155.5625
2013-09-21,148.48438
2013-09-22,142.8125
2013-09-23,135.60938
2013-09-24,131.34375
2013-09-25,127.765625
2013-09-26,125.53125
2013-09-27,127.59375
2013-09-28,127.15625
2013-09-29,128.51562
2013-09-30,129.79688
2013-10-01,132.07812
2014-06-02,11.09375
2014-06-03,10.6875
2014-06-04,10.4375
2014-06-05,10.3125
2014-06-06,10.21875
2014-06-07,10.125
2014-06-08,9.96875
2014-06-09,9.875
2014-06-10,9.8125
2014-06-11,9.75
2014-06-12,9.71875
2014-06-13,9.71875
2014-06-14,9.71875
2014-06-15,9.6875
2014-06-16,9.78125
2014-06-17,10.34375
2014-06-18,11.21875
2014-06-19,11.71875
2014-06-20,12.65625
2014-06-21,14.75
2014-06-22,18.3125
2014-06-23,23.78125
2014-06-24,30.9375
2014-06-25,36.09375
2014-06-26,39.3125
2014-06-27,48.0625
2014-06-28,53.0
2014-06-29,51.21875
2014-06-30,48.4375
2014-07-01,48.21875
2014-07-02,51.5625
2014-07-03,54.6875
2014-07-04,62.40625
2014-07-05,71.75
2014-07-06,75.0625
2014-07-07,73.78125
2014-07-08,72.59375
2014-07-09,69.53125
2014-07-10,65.0
2014-07-11,60.8125
2014-07-12,56.78125
2014-07-13,53.15625
2014-07-14,49.46875
2014-07-15,47.71875
2014-07-16,56.96875
2014-07-17,85.8125
2014-07-18,96.53125
2014-07-19,92.875
2014-07-20,86.84375
2014-07-21,87.796875
2014-07-22,97.09375
2014-07-23,108.890625
2014-07-24,115.09375
2014-07-25,113.6875
2014-07-26,114.9375
2014-07-27,115.015625
2014-07-28,113.46875
2014-07-29,108.0625
2014-07-30,100.84375
2014-07-31,95.71875
2014-08-01,91.953125
2014-08-02,93.921875
2014-08-03,105.390625
2014-08-04,130.46875
2014-08-05,155.9375
2014-08-06,161.5625
2014-08-07,155.78125
2014-08-08,146.65625
2014-08-09,141.35938
2014-08-10,135.45312
2014-08-11,130.9375
2014-08-12,128.26562
2014-08-13,130.01562
2014-08-14,130.70312
2014-08-15,130.82812
2014-08-16,130.4375
2014-08-17,132.14062
2014-08-18,137.23438
2014-08-19,136.0
2014-08-20,132.15625
2014-08-21,133.09375
2014-08-22,133.84375
2014-08-23,133.40625
2014-08-24,135.84375
2014-08-25,140.42188
2014-08-26,145.35938
2014-08-27,143.57812
2014-08-28,141.4375
2014-08-29,139.28125
2014-08-30,141.875
2014-08-31,139.3125
2014-09-01,141.90625
2014-09-02,138.85938
2014-09-03,135.76562
2014-09-04,133.67188
2014-09-05,129.1875
2014-09-06,129.17188
2014-09-07,124.890625
2014-09-08,116.640625
2014-09-09,111.765625
2014-09-10,109.703125
2014-09-11,105.109375
2014-09-12,98.328125
2014-09-13,91.71875
2014-09-14,87.0625
2014-09-15,83.390625
2014-09-16,81.359375
2014-09-17,81.921875
2014-09-18,82.84375
2014-09-19,80.796875
2014-09-20,79.390625
2014-09-21,82.4375
2014-09-22,82.875
2014-09-23,78.390625
2014-09-24,74.5625
2014-09-25,77.375
2014-09-26,88.21875
2014-09-27,92.5625
2014-09-28,93.3125
2014-09-29,88.984375
2014-09-30,82.203125
2014-10-01,75.578125
2015-06-02,8.25
2015-06-03,8.21875
2015-06-04,8.1875
2015-06-05,8.15625
2015-06-06,8.1875
2015-06-07,8.25
2015-06-08,8.46875
2015-06-09,8.78125
2015-06-10,8.96875
2015-06-11,9.125
2015-06-12,9.28125
2015-06-13,9.40625
2015-06-14,10.0625
2015-06-15,11.8125
2015-06-16,14.03125
2015-06-17,15.84375
2015-06-18,18.5625
2015-06-19,20.8125
2015-06-20,20.375
2015-06-21,18.8125
2015-06-22,17.6875
2015-06-23,18.75
2015-06-24,22.6875
2015-06-25,349.9375
2015-06-26,381.90625
2015-06-27,453.21875
2015-06-28,445.375
2015-06-29,339.0625
2015-06-30,265.78125
2015-07-01,222.8125
2015-07-02,198.09375
2015-07-03,193.15625
2015-07-04,195.375
2015-07-05,186.46875
2015-07-06,174.5625
2015-07-07,164.125
2015-07-08,164.71875
2015-07-09,194.40625
2015-07-10,214.59375
2015-07-11,205.875
2015-07-12,188.1875
2015-07-13,176.28125
2015-07-14,167.625
2015-07-15,157.15625
2015-07-16,147.59375
2015-07-17,142.875
2015-07-18,184.25
2015-07-19,254.46875
2015-07-20,267.09375
2015-07-21,238.71875
2015-07-22,216.5
2015-07-23,205.5
2015-07-24,195.03125
2015-07-25,228.125
2015-07-26,703.5625
2015-07-27,984.75
2015-07-28,843.5
2015-07-29,756.8281
2015-07-30,835.625
2015-07-31,1207.7344
2015-08-01,1204.6562
2015-08-02,1003.8906
2015-08-03,841.3125
2015-08-04,731.8594
2015-08-05,655.6719
2015-08-06,592.4375
2015-08-07,538.4844
2015-08-08,493.17188
2015-08-09,455.98438
2015-08-10,420.34375
2015-08-11,389.46875
2015-08-12,362.23438
2015-08-13,337.67188
2015-08-14,318.75
2015-08-15,309.8125
2015-08-16,299.76562
2015-08-17,285.73438
2015-08-18,271.23438
2015-08-19,264.46875
2015-08-20,272.75
2015-08-21,323.45312
2015-08-22,348.95312
2015-08-23,349.375
2015-08-24,343.26562
2015-08-25,327.57812
2015-08-26,303.59375
2015-08-27,278.75
2015-08-28,254.64062
2015-08-29,233.25
2015-08-30,216.67188
2015-08-31,203.15625
2015-09-01,193.46875
2015-09-02,240.96875
2015-09-03,390.6875
2015-09-04,411.1875
2015-09-05,349.26562
2015-09-06,299.85938
2015-09-07,267.09375
2015-09-08,247.26562
2015-09-09,237.34375
2015-09-10,227.39062
2015-09-11,213.4375
2015-09-12,200.51562
2015-09-13,188.125
2015-09-14,178.21875
2015-09-15,169.75
2015-09-16,160.5625
2015-09-17,150.45312
2015-09-18,139.76562
2015-09-19,143.07812
2015-09-20,162.71875
2015-09-21,171.51562
2015-09-22,164.48438
2015-09-23,155.84375
2015-09-24,146.82812
2015-09-25,155.6875
2015-09-26,167.28125
2015-09-27,161.10938
2015-09-28,147.21875
2015-09-29,134.26562
2015-09-30,122.71875
2015-10-01,114.59375
2016-06-02,29.078125
2016-06-03,27.40625
2016-06-04,25.640625
2016-06-05,24.203125
2016-06-06,25.59375
2016-06-07,30.453125
2016-06-08,35.296875
2016-06-09,38.984375
2016-06-10,220.89062
2016-06-11,315.59375
2016-06-12,272.5625
2016-06-13,242.70312
2016-06-14,203.84375
2016-06-15,195.54688
2016-06-16,199.5
2016-06-17,234.375
2016-06-18,240.17188
2016-06-19,220.98438
2016-06-20,201.51562
2016-06-21,189.82812
2016-06-22,178.90625
2016-06-23,173.9375
2016-06-24,169.42188
2016-06-25,157.89062
2016-06-26,144.59375
2016-06-27,137.51562
2016-06-28,137.15625
2016-06-29,130.32812
2016-06-30,126.0625
2016-07-01,120.09375
2016-07-02,113.578125
2016-07-03,113.375
2016-07-04,144.70312
2016-07-05,349.04688
2016-07-06,536.40625
2016-07-07,483.75
2016-07-08,397.96875
2016-07-09,345.26562
2016-07-10,309.96875
2016-07-11,286.40625
2016-07-12,265.59375
2016-07-13,249.92188
2016-07-14,238.15625
2016-07-15,229.32812
2016-07-16,242.34375
2016-07-17,260.26562
2016-07-18,274.53125
2016-07-19,270.875
2016-07-20,249.48438
2016-07-21,228.64062
2016-07-22,213.78125
2016-07-23,206.5
2016-07-24,205.07812
2016-07-25,207.95312
2016-07-26,204.5
2016-07-27,195.03125
2016-07-28,183.3125
2016-07-29,171.0625
2016-07-30,162.64062
2016-07-31,159.26562
2016-08-01,158.46875
2016-08-02,161.78125
2016-08-03,164.5
2016-08-04,160.21875
2016-08-05,152.875
2016-08-06,147.35938
2016-08-07,144.35938
2016-08-08,137.89062
2016-08-09,131.65625
2016-08-10,143.35938
2016-08-11,165.9375
2016-08-12,168.35938
2016-08-13,160.90625
2016-08-14,156.28125
2016-08-15,158.60938
2016-08-16,158.82812
2016-08-17,159.59375
2016-08-18,168.09375
2016-08-19,174.04688
2016-08-20,165.48438
2016-08-21,182.70312
2016-08-22,824.4531
2016-08-23,736.1094
2016-08-24,544.6406
2016-08-25,436.78125
2016-08-26,377.39062
2016-08-27,338.6875
2016-08-28,313.96875
2016-08-29,294.34375
2016-08-30,277.39062
2016-08-31,265.5625
2016-09-01,265.125
2016-09-02,268.125
2016-09-03,264.92188
2016-09-04,261.5625
2016-09-05,255.15625
2016-09-06,242.75
2016-09-07,230.15625
2016-09-08,219.0625
2016-09-09,209.82812
2016-09-10,197.5625
2016-09-11,183.5
2016-09-12,171.85938
2016-09-13,173.29688
2016-09-14,167.42188
2016-09-15,154.73438
2016-09-16,144.98438
2016-09-17,140.10938
2016-09-18,146.92188
2016-09-19,147.57812
2016-09-20,141.64062
2016-09-21,139.0625
2016-09-22,140.92188
2016-09-23,143.6875
2016-09-24,144.71875
2016-09-25,142.73438
2016-09-26,136.57812
2016-09-27,130.42188
2016-09-28,126.6875
2016-09-29,132.09375
2016-09-30,134.07812
2016-10-01,127.21875
2017-06-02,25.59375
2017-06-03,28.03125
2017-06-04,28.9375
2017-06-05,29.78125
2017-06-06,29.96875
2017-06-07,28.78125
2017-06-08,26.59375
2017-06-09,25.4375
2017-06-10,26.875
2017-06-11,29.25
2017-06-12,29.40625
2017-06-13,365.15625
2017-06-14,364.8125
2017-06-15,245.09375
2017-06-16,204.46875
2017-06-17,191.9375
2017-06-18,179.28125
2017-06-19,164.9375
2017-06-20,154.25
2017-06-21,240.90625
2017-06-22,293.9375
2017-06-23,280.4375
2017-06-24,246.71875
2017-06-25,219.34375
2017-06-26,200.15625
2017-06-27,181.4375
2017-06-28,170.625
2017-06-29,163.375
2017-06-30,155.46875
2017-07-01,147.78125
2017-07-02,142.28125
2017-07-03,150.28125
2017-07-04,181.6875
2017-07-05,208.625
2017-07-06,217.15625
2017-07-07,211.375
2017-07-08,195.71875
2017-07-09,180.8125
2017-07-10,169.98438
2017-07-11,165.34375
2017-07-12,158.78125
2017-07-13,154.3125
2017-07-14,158.21875
2017-07-15,159.48438
2017-07-16,153.59375
2017-07-17,143.79688
2017-07-18,132.82812
2017-07-19,123.234375
2017-07-20,123.28125
2017-07-21,139.54688
2017-07-22,146.95312
2017-07-23,242.85938
2017-07-24,416.64062
2017-07-25,584.25
2017-07-26,537.4375
2017-07-27,449.42188
2017-07-28,392.34375
2017-07-29,357.73438
2017-07-30,325.79688
2017-07-31,301.01562
2017-08-01,279.23438
2017-08-02,260.40625
2017-08-03,242.65625
2017-08-04,228.25
2017-08-05,213.70312
2017-08-06,202.6875
2017-08-07,193.96875
2017-08-08,189.60938
2017-08-09,181.73438
2017-08-10,172.73438
2017-08-11,166.85938
2017-08-12,170.98438
2017-08-13,180.42188
2017-08-14,181.71875
2017-08-15,177.625
2017-08-16,174.3125
2017-08-17,175.82812
2017-08-18,170.96875
2017-08-19,161.6875
2017-08-20,150.625
2017-08-21,141.60938
2017-08-22,137.625
2017-08-23,146.17188
2017-08-24,157.125
2017-08-25,157.39062
2017-08-26,157.3125
2017-08-27,152.70312
2017-08-28,149.04688
2017-08-29,141.25
2017-08-30,135.75
2017-08-31,140.95312
2017-09-01,158.25
2017-09-02,173.67188
2017-09-03,172.04688
2017-09-04,168.40625
2017-09-05,167.84375
2017-09-06,165.5
2017-09-07,160.875
2017-09-08,159.29688
2017-09-09,157.07812
2017-09-10,157.75
2017-09-11,163.21875
2017-09-12,161.84375
2017-09-13,173.48438
2017-09-14,182.39062
2017-09-15,178.25
2017-09-16,170.40625
2017-09-17,164.53125
2017-09-18,170.90625
2017-09-19,176.01562
2017-09-20,173.625
2017-09-21,173.5
2017-09-22,171.28125
2017-09-23,172.28125
2017-09-24,167.0
2017-09-25,160.39062
2017-09-26,155.73438
2017-09-27,154.84375
2017-09-28,157.88281
2017-09-29,162.64844
2017-09-30,163.14062
2017-10-01,159.50781
2018-06-02,14.15625
2018-06-03,14.5
2018-06-04,17.125
2018-06-05,21.15625
2018-06-06,22.53125
2018-06-07,23.9375
2018-06-08,25.84375
2018-06-09,28.96875
2018-06-10,30.75
2018-06-11,213.9375
2018-06-12,457.5625
2018-06-13,357.5625
2018-06-14,450.125
2018-06-15,541.03125
2018-06-16,458.9375
2018-06-17,357.65625
2018-06-18,294.40625
2018-06-19,260.5625
2018-06-20,232.96875
2018-06-21,210.40625
2018-06-22,197.59375
2018-06-23,189.59375
2018-06-24,181.46875
2018-06-25,175.59375
2018-06-26,177.71875
2018-06-27,175.6875
2018-06-28,168.65625
2018-06-29,159.3125
2018-06-30,154.34375
2018-07-01,153.84375
2018-07-02,155.78125
2018-07-03,154.53125
2018-07-04,164.09375
2018-07-05,177.25
2018-07-06,178.59375
2018-07-07,171.8125
2018-07-08,160.40625
2018-07-09,148.71875
2018-07-10,142.65625
2018-07-11,136.0625
2018-07-12,129.0625
2018-07-13,122.65625
2018-07-14,117.625
2018-07-15,114.4375
2018-07-16,107.9375
2018-07-17,104.25
2018-07-18,106.734375
2018-07-19,105.59375
2018-07-20,101.4375
2018-07-21,96.515625
2018-07-22,95.890625
2018-07-23,101.15625
2018-07-24,108.71875
2018-07-25,125.296875
2018-07-26,165.57812
2018-07-27,206.64062
2018-07-28,224.23438
2018-07-29,239.51562
2018-07-30,244.60938
2018-07-31,231.32812
2018-08-01,216.60938
2018-08-02,214.5625
2018-08-03,217.82812
2018-08-04,209.20312
2018-08-05,196.70312
2018-08-06,188.64062
2018-08-07,178.46875
2018-08-08,171.15625
2018-08-09,160.07812
2018-08-10,150.92188
2018-08-11,143.92188
2018-08-12,138.90625
2018-08-13,135.92188
2018-08-14,129.42188
2018-08-15,122.671875
2018-08-16,115.1875
2018-08-17,112.0
2018-08-18,108.625
2018-08-19,106.734375
2018-08-20,108.5
2018-08-21,118.171875
2018-08-22,119.53125
2018-08-23,114.015625
2018-08-24,108.0625
2018-08-25,104.875
2018-08-26,103.15625
2018-08-27,100.84375
2018-08-28,96.25
2018-08-29,92.765625
2018-08-30,93.65625
2018-08-31,96.765625
2018-09-01,99.71875
2018-09-02,108.078125
2018-09-03,118.75
2018-09-04,121.640625
2018-09-05,122.140625
2018-09-06,123.984375
2018-09-07,122.0625
2018-09-08,120.4375
2018-09-09,119.140625
2018-09-10,112.265625
2018-09-11,106.46875
2018-09-12,104.625
2018-09-13,104.09375
2018-09-14,104.921875
2018-09-15,103.90625
2018-09-16,103.53125
2018-09-17,100.890625
2018-09-18,99.515625
2018-09-19,95.734375
2018-09-20,97.09375
2018-09-21,96.359375
2018-09-22,92.046875
2018-09-23,91.265625
2018-09-24,90.375
2018-09-25,87.125
2018-09-26,85.4375
2018-09-27,83.296875
2018-09-28,80.484375
2018-09-29,79.578125
2018-09-30,76.671875
2018-10-01,72.203125
2019-06-02,9.0625
2019-06-03,9.03125
2019-06-04,9.0625
2019-06-05,9.09375
2019-06-06,9.15625
2019-06-07,9.25
2019-06-08,9.5
2019-06-09,9.8125
2019-06-10,10.125
2019-06-11,10.625
2019-06-12,10.96875
2019-06-13,11.15625
2019-06-14,11.25
2019-06-15,12.09375
2019-06-16,25.3125
2019-06-17,56.3125
2019-06-18,57.34375
2019-06-19,56.15625
2019-06-20,75.375
2019-06-21,79.71875
2019-06-22,75.96875
2019-06-23,68.71875
2019-06-24,62.5625
2019-06-25,56.9375
2019-06-26,51.96875
2019-06-27,48.0625
2019-06-28,45.28125
2019-06-29,42.5
2019-06-30,39.03125
2019-07-01,35.75
2019-07-02,33.5
2019-07-03,36.96875
2019-07-04,45.75
2019-07-05,50.8125
2019-07-06,52.5625
2019-07-07,71.65625
2019-07-08,107.90625
2019-07-09,131.03125
2019-07-10,183.375
2019-07-11,220.8125
2019-07-12,232.3125
2019-07-13,237.625
2019-07-14,293.96875
2019-07-15,320.65625
2019-07-16,302.625
2019-07-17,268.28125
2019-07-18,238.54688
2019-07-19,225.65625
2019-07-20,210.92188
2019-07-21,195.32812
2019-07-22,182.5
2019-07-23,174.1875
2019-07-24,169.17188
2019-07-25,162.14062
2019-07-26,189.48438
2019-07-27,210.96875
2019-07-28,213.51562
2019-07-29,202.17188
2019-07-30,185.70312
2019-07-31,176.875
2019-08-01,174.40625
2019-08-02,173.71875
2019-08-03,166.51562
2019-08-04,170.14062
2019-08-05,177.85938
2019-08-06,170.84375
2019-08-07,166.1875
2019-08-08,161.6875
2019-08-09,161.0625
2019-08-10,158.46875
2019-08-11,149.76562
2019-08-12,140.51562
2019-08-13,138.35938
2019-08-14,143.70312
2019-08-15,143.57812
2019-08-16,138.82812
2019-08-17,135.75
2019-08-18,140.0
2019-08-19,145.5
2019-08-20,147.28125
2019-08-21,144.17188
2019-08-22,136.78125
2019-08-23,135.40625
2019-08-24,140.60938
2019-08-25,146.57812
2019-08-26,153.96875
2019-08-27,150.89062
2019-08-28,153.14062
2019-08-29,151.39062
2019-08-30,143.65625
2019-08-31,135.48438
2019-09-01,134.70312
2019-09-02,145.96875
2019-09-03,151.9375
2019-09-04,146.70312
2019-09-05,135.82812
2019-09-06,126.609375
2019-09-07,118.578125
2019-09-08,112.0625
2019-09-09,108.421875
2019-09-10,108.09375
2019-09-11,107.546875
2019-09-12,118.28125
2019-09-13,144.78125
2019-09-14,157.90625
2019-09-15,153.57812
2019-09-16,142.20312
2019-09-17,134.60938
2019-09-18,130.1875
2019-09-19,123.5625
2019-09-20,117.015625
2019-09-21,118.390625
2019-09-22,121.15625
2019-09-23,122.625
2019-09-24,126.640625
2019-09-25,128.29688
2019-09-26,134.71875
2019-09-27,138.82812
2019-09-28,137.25
2019-09-29,138.4375
2019-09-30,135.8125
2019-10-01,131.59375
2020-06-02,10.5625
2020-06-03,10.28125
2020-06-04,10.125
2020-06-05,10.09375
2020-06-06,10.125
2020-06-07,10.15625
2020-06-08,10.1875
2020-06-09,10.40625
2020-06-10,11.59375
2020-06-11,15.5625
2020-06-12,20.375
2020-06-13,21.9375
2020-06-14,21.625
2020-06-15,20.78125
2020-06-16,20.65625
2020-06-17,21.65625
2020-06-18,64.59375
2020-06-19,104.125
2020-06-20,109.6875
2020-06-21,104.90625
2020-06-22,97.25
2020-06-23,89.9375
2020-06-24,84.1875
2020-06-25,81.9375
2020-06-26,78.59375
2020-06-27,76.953125
2020-06-28,74.984375
2020-06-29,72.25
2020-06-30,71.90625
2020-07-01,74.390625
2020-07-02,78.40625
2020-07-03,84.359375
2020-07-04,88.0
2020-07-05,92.046875
2020-07-06,109.796875
2020-07-07,128.39062
2020-07-08,125.46875
2020-07-09,116.421875
2020-07-10,117.578125
2020-07-11,120.21875
2020-07-12,121.421875
2020-07-13,124.296875
2020-07-14,123.484375
2020-07-15,122.640625
2020-07-16,122.265625
2020-07-17,126.34375
2020-07-18,132.01562
2020-07-19,133.53125
2020-07-20,134.5625
2020-07-21,139.48438
2020-07-22,149.26562
2020-07-23,244.85938
2020-07-24,283.35938
2020-07-25,267.46875
2020-07-26,243.1875
2020-07-27,218.40625
2020-07-28,195.84375
2020-07-29,177.51562
2020-07-30,168.0625
2020-07-31,161.375
2020-08-01,154.5
2020-08-02,147.10938
2020-08-03,139.53125
2020-08-04,136.82812
2020-08-05,186.32812
2020-08-06,215.92188
2020-08-07,207.1875
2020-08-08,203.98438
2020-08-09,200.40625
2020-08-10,189.45312
2020-08-11,176.26562
2020-08-12,165.3125
2020-08-13,156.95312
2020-08-14,150.42188
2020-08-15,141.07812
2020-08-16,134.65625
2020-08-17,158.54688
2020-08-18,188.21875
2020-08-19,197.28125
2020-08-20,218.1875
2020-08-21,238.14062
2020-08-22,236.60938
2020-08-23,224.82812
2020-08-24,257.51562
2020-08-25,280.78125
2020-08-26,265.5
2020-08-27,245.07812
2020-08-28,231.42188
2020-08-29,216.78125
2020-08-30,203.92188
2020-08-31,189.5
2020-09-01,177.14062
2020-09-02,170.3125
2020-09-03,169.76562
2020-09-04,165.25
2020-09-05,154.35938
2020-09-06,143.28125
2020-09-07,133.89062
2020-09-08,126.40625
2020-09-09,119.40625
2020-09-10,114.28125
2020-09-11,116.484375
2020-09-12,120.828125
2020-09-13,122.921875
2020-09-14,124.03125
2020-09-15,128.07812
2020-09-16,132.89062
2020-09-17,136.57812
2020-09-18,132.1875
2020-09-19,125.765625
2020-09-20,121.390625
2020-09-21,118.15625
2020-09-22,116.59375
2020-09-23,115.484375
2020-09-24,116.53125
2020-09-25,119.78125
2020-09-26,122.3125
2020-09-27,127.15625
2020-09-28,127.828125
2020-09-29,124.015625
2020-09-30,117.46875
2020-10-01,119.828125
2021-06-02,9.0625
2021-06-03,9.1875
2021-06-04,9.375
2021-06-05,9.5625
2021-06-06,9.78125
2021-06-07,10.0
2021-06-08,10.78125
2021-06-09,13.25
2021-06-10,16.8125
2021-06-11,18.9375
2021-06-12,21.125
2021-06-13,23.34375
2021-06-14,23.53125
2021-06-15,22.8125
2021-06-16,22.46875
2021-06-17,24.75
2021-06-18,37.40625
2021-06-19,79.6875
2021-06-20,364.96875
2021-06-21,430.5
2021-06-22,338.40625
2021-06-23,264.3125
2021-06-24,218.4375
2021-06-25,191.25
2021-06-26,171.84375
2021-06-27,156.71875
2021-06-28,149.78125
2021-06-29,147.46875
2021-06-30,147.375
2021-07-01,152.1875
2021-07-02,170.09375
2021-07-03,189.78125
2021-07-04,186.875
2021-07-05,177.75
2021-07-06,164.59375
2021-07-07,154.28125
2021-07-08,154.90625
2021-07-09,157.65625
2021-07-10,156.03125
2021-07-11,153.46875
2021-07-12,147.6875
2021-07-13,143.90625
2021-07-14,138.34375
2021-07-15,131.32812
2021-07-16,124.265625
2021-07-17,118.59375
2021-07-18,116.734375
2021-07-19,114.5625
2021-07-20,114.890625
2021-07-21,116.0625
2021-07-22,114.359375
2021-07-23,115.796875
2021-07-24,126.703125
2021-07-25,137.79688
2021-07-26,146.03125
2021-07-27,175.79688
2021-07-28,380.26562
2021-07-29,646.65625
2021-07-30,591.2969
2021-07-31,485.48438
2021-08-01,417.35938
2021-08-02,372.60938
2021-08-03,344.0625
2021-08-04,343.85938
2021-08-05,342.09375
2021-08-06,336.625
2021-08-07,330.25
2021-08-08,315.01562
2021-08-09,294.67188
2021-08-10,279.45312
2021-08-11,262.9375
2021-08-12,246.14062
2021-08-13,230.28125
2021-08-14,214.40625
2021-08-15,200.4375
2021-08-16,187.76562
2021-08-17,183.26562
2021-08-18,186.75
2021-08-19,188.79688
2021-08-20,193.6875
2021-08-21,189.57812
2021-08-22,178.3125
2021-08-23,169.60938
2021-08-24,163.79688
2021-08-25,160.40625
2021-08-26,154.28125
2021-08-27,148.1875
2021-08-28,145.0
2021-08-29,140.71875
2021-08-30,131.73438
2021-08-31,123.265625
2021-09-01,118.671875
2021-09-02,121.46875
2021-09-03,126.90625
2021-09-04,129.1875
2021-09-05,129.42188
2021-09-06,129.28125
2021-09-07,128.23438
2021-09-08,122.84375
2021-09-09,119.3125
2021-09-10,122.453125
2021-09-11,124.1875
2021-09-12,120.53125
2021-09-13,119.40625
2021-09-14,114.046875
2021-09-15,113.609375
2021-09-16,120.234375
2021-09-17,123.09375
2021-09-18,129.21875
2021-09-19,140.0625
2021-09-20,160.57812
2021-09-21,174.8125
2021-09-22,176.32812
2021-09-23,167.1875
2021-09-24,153.84375
2021-09-25,144.9375
2021-09-26,140.71875
2021-09-27,140.67188
2021-09-28,146.01562
2021-09-29,143.10938
2021-09-30,134.5625
2021-10-01,133.5
2022-06-02,21.125
2022-06-03,24.59375
2022-06-04,27.84375
2022-06-05,29.125
2022-06-06,28.8125
2022-06-07,27.15625
2022-06-08,25.25
2022-06-09,23.53125
2022-06-10,22.1875
2022-06-11,22.0625
2022-06-12,23.9375
2022-06-13,26.125
2022-06-14,25.1875
2022-06-15,23.375
2022-06-16,21.9375
2022-06-17,21.375
2022-06-18,22.5
2022-06-19,25.0625
2022-06-20,28.625
2022-06-21,37.0625
2022-06-22,103.5
2022-06-23,176.21875
2022-06-24,142.09375
2022-06-25,117.34375
2022-06-26,102.1875
2022-06-27,93.0
2022-06-28,88.3125
2022-06-29,84.03125
2022-06-30,83.15625
2022-07-01,83.3125
2022-07-02,86.28125
2022-07-03,89.4375
2022-07-04,87.25
2022-07-05,89.0
2022-07-06,94.6875
2022-07-07,95.0
2022-07-08,95.5
2022-07-09,95.546875
2022-07-10,90.234375
2022-07-11,84.296875
2022-07-12,81.890625
2022-07-13,80.09375
2022-07-14,74.59375
2022-07-15,69.796875
2022-07-16,66.953125
2022-07-17,64.359375
2022-07-18,62.375
2022-07-19,62.296875
2022-07-20,61.609375
2022-07-21,60.28125
2022-07-22,60.265625
2022-07-23,61.125
2022-07-24,220.04688
2022-07-25,269.39062
2022-07-26,214.90625
2022-07-27,175.65625
2022-07-28,149.10938
2022-07-29,130.20312
2022-07-30,115.5625
2022-07-31,103.828125
2022-08-01,94.203125
2022-08-02,85.953125
2022-08-03,78.921875
2022-08-04,77.4375
2022-08-05,89.28125
2022-08-06,94.6875
2022-08-07,91.359375
2022-08-08,88.671875
2022-08-09,85.46875
2022-08-10,81.09375
2022-08-11,83.71875
2022-08-12,92.625
2022-08-13,95.96875
2022-08-14,94.78125
2022-08-15,97.15625
2022-08-16,100.0625
2022-08-17,100.4375
2022-08-18,98.4375
2022-08-19,105.4375
2022-08-20,120.671875
2022-08-21,120.8125
2022-08-22,113.671875
2022-08-23,121.46875
2022-08-24,145.48438
2022-08-25,157.17188
2022-08-26,148.9375
2022-08-27,134.51562
2022-08-28,125.0625
2022-08-29,117.75
2022-08-30,110.15625
2022-08-31,102.390625
2022-09-01,96.09375
2022-09-02,91.3125
2022-09-03,86.125
2022-09-04,84.796875
2022-09-05,86.84375
2022-09-06,84.90625
2022-09-07,82.875
2022-09-08,83.515625
2022-09-09,86.59375
2022-09-10,87.625
2022-09-11,93.15625
2022-09-12,102.53125
2022-09-13,116.171875
2022-09-14,130.5
2022-09-15,145.625
2022-09-16,159.46875
2022-09-17,164.95312
2022-09-18,161.42188
2022-09-19,153.26562
2022-09-20,148.07812
2022-09-21,142.10938
2022-09-22,134.45312
2022-09-23,126.484375
2022-09-24,123.75
2022-09-25,123.046875
2022-09-26,123.375
2022-09-27,124.78125
2022-09-28,124.765625
2022-09-29,124.890625
2022-09-30,122.03125
2022-10-01,114.40625
2023-06-02,10.625
2023-06-03,10.28125
2023-06-04,10.296875
2023-06-05,10.203125
2023-06-06,9.96875
2023-06-07,10.03125
2023-06-08,10.578125
2023-06-09,12.078125
2023-06-10,15.265625
2023-06-11,18.953125
2023-06-12,21.3125
2023-06-13,22.625
2023-06-14,21.9375
2023-06-15,20.15625
2023-06-16,19.359375
2023-06-17,19.640625
2023-06-18,19.59375
2023-06-19,19.96875
2023-06-20,21.03125
2023-06-21,21.9375
2023-06-22,22.640625
2023-06-23,23.375
2023-06-24,27.3125
2023-06-25,33.75
2023-06-26,38.671875
2023-06-27,41.03125
2023-06-28,44.5625
2023-06-29,51.984375
2023-06-30,54.390625
2023-07-01,50.796875
2023-07-02,46.5625
2023-07-03,42.703125
2023-07-04,40.28125
2023-07-05,39.546875
2023-07-06,40.515625
2023-07-07,39.875
2023-07-08,39.15625
2023-07-09,40.765625
2023-07-10,42.734375
2023-07-11,44.625
2023-07-12,47.40625
2023-07-13,46.875
2023-07-14,46.390625
2023-07-15,48.125
2023-07-16,54.78125
2023-07-17,58.265625
2023-07-18,57.34375
2023-07-19,56.625
2023-07-20,54.484375
2023-07-21,51.671875
2023-07-22,49.53125
2023-07-23,48.453125
2023-07-24,46.375
2023-07-25,44.15625
2023-07-26,42.296875
2023-07-27,39.6875
2023-07-28,39.015625
2023-07-29,40.296875
2023-07-30,41.09375
2023-07-31,40.21875
2023-08-01,39.5625
2023-08-02,42.421875
2023-08-03,53.515625
2023-08-04,64.953125
2023-08-05,74.71875
2023-08-06,86.15625
2023-08-07,116.359375
2023-08-08,161.0
2023-08-09,197.4375
2023-08-10,207.4375
2023-08-11,198.8125
2023-08-12,189.28125
2023-08-13,175.8125
2023-08-14,162.89062
2023-08-15,157.21875
2023-08-16,151.8125
2023-08-17,146.34375
2023-08-18,142.75
2023-08-19,141.92188
2023-08-20,133.98438
2023-08-21,124.15625
2023-08-22,115.84375
2023-08-23,112.828125
2023-08-24,114.8125
2023-08-25,124.234375
2023-08-26,136.45312
2023-08-27,166.07812
2023-08-28,200.6875
2023-08-29,209.92188
2023-08-30,193.90625
2023-08-31,180.85938
2023-09-01,178.57812
2023-09-02,178.875
2023-09-03,174.90625
2023-09-04,171.5625
2023-09-05,171.29688
2023-09-06,168.25
2023-09-07,172.92188
2023-09-08,174.73438
2023-09-09,178.10938
2023-09-10,174.67188
2023-09-11,164.04688
2023-09-12,163.29688
2023-09-13,170.95312
2023-09-14,167.58594
2023-09-15,157.50781
2023-09-16,147.5625
2023-09-17,140.15625
2023-09-18,169.01562
2023-09-19,257.4922
2023-09-20,280.8828
2023-09-21,246.76562
2023-09-22,221.25781
2023-09-23,204.42188
2023-09-24,191.34375
2023-09-25,180.67969
2023-09-26,166.86719
2023-09-27,153.95312
2023-09-28,150.9375
2023-09-29,147.5
2023-09-30,144.3125
2023-10-01,145.3125
2024-06-02,18.390625
2024-06-03,16.765625
2024-06-04,15.640625
2024-06-05,14.84375
2024-06-06,14.171875
2024-06-07,13.359375
2024-06-08,12.65625
2024-06-09,12.84375
2024-06-10,13.546875
2024-06-11,13.40625
2024-06-12,12.796875
2024-06-13,12.5625
2024-06-14,13.625
2024-06-15,15.03125
2024-06-16,15.0625
2024-06-17,14.953125
2024-06-18,15.15625
2024-06-19,15.09375
2024-06-20,28.03125
2024-06-21,35.8125
2024-06-22,42.0625
2024-06-23,51.859375
2024-06-24,56.796875
2024-06-25,55.015625
2024-06-26,53.515625
2024-06-27,52.40625
2024-06-28,54.375
2024-06-29,55.125
2024-06-30,54.265625
2024-07-01,58.484375
2024-07-02,72.78125
2024-07-03,121.3125
2024-07-04,169.10938
2024-07-05,180.67188
2024-07-06,171.01562
2024-07-07,156.07812
2024-07-08,147.42188
2024-07-09,141.07812
2024-07-10,135.15625
2024-07-11,129.95312
2024-07-12,133.54688
2024-07-13,144.35938
2024-07-14,156.35938
2024-07-15,171.0
2024-07-16,162.82812
2024-07-17,145.45312
2024-07-18,133.8125
2024-07-19,126.296875
2024-07-20,117.703125
2024-07-21,107.765625
2024-07-22,100.375
2024-07-23,103.03125
2024-07-24,108.125
2024-07-25,114.9375
2024-07-26,155.54688
2024-07-27,188.9375
2024-07-28,177.51562
2024-07-29,199.21875
2024-07-30,249.60938
2024-07-31,277.9375
2024-08-01,347.64062
2024-08-02,481.79688
2024-08-03,488.0625
2024-08-04,433.53125
2024-08-05,383.75
2024-08-06,355.34375
2024-08-07,334.84375
2024-08-08,314.73438
2024-08-09,294.89062
2024-08-10,278.10938
2024-08-11,256.15625
2024-08-12,241.5625
2024-08-13,231.71875
2024-08-14,227.71875
2024-08-15,229.09375
2024-08-16,232.04688
2024-08-17,261.29688
2024-08-18,344.67188
2024-08-19,377.46875
2024-08-20,365.71875
2024-08-21,340.48438
2024-08-22,314.35938
2024-08-23,300.3125
2024-08-24,290.54688
2024-08-25,303.5
2024-08-26,426.75
2024-08-27,479.51562
2024-08-28,441.65625
2024-08-29,395.2578
2024-08-30,357.83594
2024-08-31,327.85938
2024-09-01,299.7422
2024-09-02,281.17188
2024-09-03,280.91406
2024-09-04,281.7422
2024-09-05,267.71094
2024-09-06,248.57812
2024-09-07,231.21094
2024-09-08,220.50781
2024-09-09,212.83594
2024-09-10,200.35156
2024-09-11,192.25781
2024-09-12,199.04688
2024-09-13,620.85156
2024-09-14,966.65625
2024-09-15,908.1094
2024-09-16,738.875
2024-09-17,604.66406
2024-09-18,522.0
2024-09-19,463.3828
2024-09-20,428.46875
2024-09-21,393.625
2024-09-22,362.25
2024-09-23,331.3828
2024-09-24,309.33594
2024-09-25,300.72656
2024-09-26,285.16406
2024-09-27,270.1328
2024-09-28,251.75
2024-09-29,234.60938
2024-09-30,217.92188
2024-10-01,201.42188
2025-06-02,36.75
2025-06-03,43.21875
2025-06-04,56.9375
2025-06-05,66.90625
2025-06-06,66.875
2025-06-07,63.53125
2025-06-08,59.9375
2025-06-09,57.40625
2025-06-10,53.21875
2025-06-11,54.03125
2025-06-12,65.96875
2025-06-13,76.96875
2025-06-14,78.8125
2025-06-15,76.625
2025-06-16,78.5625
2025-06-17,90.0
2025-06-18,152.09375
2025-06-19,393.25
2025-06-20,449.09375
2025-06-21,474.78125
2025-06-22,422.71875
2025-06-23,348.84375
2025-06-24,303.90625
2025-06-25,268.40625
2025-06-26,241.0625
2025-06-27,223.34375
2025-06-28,214.75
2025-06-29,210.75
2025-06-30,209.65625
2025-07-01,204.90625
2025-07-02,193.21875
2025-07-03,179.42188
2025-07-04,172.65625
2025-07-05,187.09375
2025-07-06,207.76562
2025-07-07,223.84375
2025-07-08,279.125
2025-07-09,309.35938
2025-07-10,306.23438
2025-07-11,292.71875
2025-07-12,268.0625
2025-07-13,243.90625
2025-07-14,242.75
2025-07-15,253.67188
2025-07-16,253.875
2025-07-17,239.53125
2025-07-18,221.59375
2025-07-19,210.14062
2025-07-20,203.04688
2025-07-21,194.5
2025-07-22,190.71875
2025-07-23,183.85938
2025-07-24,177.14062
2025-07-25,169.17188
2025-07-26,171.92188
2025-07-27,192.71875
2025-07-28,222.90625
2025-07-29,239.67188
2025-07-30,234.04688
2025-07-31,223.125
2025-08-01,212.60938
2025-08-02,204.15625
2025-08-03,197.65625
2025-08-04,187.04688
2025-08-05,176.23438
2025-08-06,165.10938
2025-08-07,155.98438
2025-08-08,151.23438
2025-08-09,153.3125
2025-08-10,155.07812
2025-08-11,151.03125
2025-08-12,143.25
2025-08-13,134.95312
2025-08-14,131.6875
2025-08-15,130.45312
2025-08-16,128.48438
2025-08-17,127.1875
2025-08-18,128.65625
2025-08-19,127.40625
2025-08-20,120.546875
2025-08-21,115.515625
2025-08-22,117.53125
2025-08-23,125.421875
2025-08-24,145.59375
2025-08-25,169.64062
2025-08-26,176.89062
2025-08-27,171.45312
2025-08-28,162.78125
2025-08-29,158.04688
2025-08-30,159.04688
2025-08-31,160.64062
2025-09-01,162.84375
2025-09-02,159.01562
2025-09-03,156.10938
2025-09-04,147.84375
2025-09-05,137.0
2025-09-06,135.90625
2025-09-07,136.67188
2025-09-08,134.45312
2025-09-09,133.23438
2025-09-10,135.65625
2025-09-11,136.46875
2025-09-12,135.32812
2025-09-13,134.35938
2025-09-14,136.6875
2025-09-15,145.20312
2025-09-16,155.48438
2025-09-17,156.48438
2025-09-18,150.92188
2025-09-19,142.32812
2025-09-20,134.89062
2025-09-21,129.6875
2025-09-22,132.21875
2025-09-23,139.65625
2025-09-24,138.8125
2025-09-25,135.45312
2025-09-26,132.34375
2025-09-27,134.73438
2025-09-28,136.39062
2025-09-29,138.84375
2025-09-30,140.15625
2025-10-01,136.625
2026-06-02,10.75
2026-06-03,11.375
2026-06-04,11.59375
2026-06-05,11.28125
2026-06-06,10.78125
2026-06-07,10.625
2026-06-08,11.15625
2026-06-09,14.4375
2026-06-10,25.5625
2026-06-11,35.21875
2026-06-12,35.59375
2026-06-13,33.9375
2026-06-14,38.65625
2026-06-15,53.40625
2026-06-16,55.625
2026-06-17,51.15625
2026-06-18,57.21875
2026-06-19,85.28125
2026-06-20,98.5
2026-06-21,93.9375
2026-06-22,87.5
2026-06-23,86.03125
2026-06-24,90.46875
2026-06-25,112.78125
2026-06-26,141.6875
2026-06-27,146.15625
2026-06-28,138.875
2026-06-29,132.875
2026-06-30,127.40625
2026-07-01,128.8125
2026-07-02,132.34375
2026-07-03,128.8125
2026-07-04,121.34375
2026-07-05,141.125
2026-07-06,346.3125
2026-07-07,433.40625
2026-07-08,563.71875
2026-07-09,709.125
2026-07-10,758.53125
2026-07-11,694.84375
2026-07-12,588.75
2026-07-13,506.84375
2026-07-14,450.0
2026-07-15,411.15625
2026-07-16,371.4375
2026-07-17,335.6875
2026-07-18,310.21875
2026-07-19,288.40625
2026-07-20,265.875
2026-07-21,258.75
2026-07-22,261.25
2026-07-23,266.70312
2026-07-24,288.0625
2026-07-25,295.34375
2026-07-26,281.625
2026-07-27,259.17188
2026-07-28,244.15625
2026-07-29,241.35938
2026-07-30,239.39062
2026-07-31,236.60938
2026-08-01,222.6875
