variant,tag,event,depth_peak_m,depth_peak_bst,peak_offset_d,qout_peak_3h_m3s,overbank_hours,max_stored_over_net_rain,returncode
reference,fr1,2023,14.7,2023-08-07 22:30,0,6078,173.5,,0
reference,fr1,2017,14.24,2017-06-13 16:30,0,5341,51.0,,0
reference,fr1,2026,14.08,2026-07-09 01:15,1,5174,117.2,,0
floodplain n 0.03,s_n030,2023,14.04,2023-08-07 21:15,0,6483,168.0,1.0,0
floodplain n 0.03,s_n030,2017,13.8,2017-06-13 12:15,0,5966,51.5,1.0,0
floodplain n 0.03,s_n030,2026,13.43,2026-07-08 07:45,0,5365,117.8,1.0,0
floodplain n 0.08,s_n080,2023,15.23,2023-08-08 00:15,1,5680,178.8,1.0,0
floodplain n 0.08,s_n080,2017,14.6,2017-06-13 19:15,0,4827,50.5,1.0,0
floodplain n 0.08,s_n080,2026,14.72,2026-07-09 02:30,1,5069,116.8,1.0,0
channel n 0.025,s_cn025,2023,14.16,2023-08-07 22:15,0,6460,139.5,1.0,0
channel n 0.025,s_cn025,2017,13.75,2017-06-13 13:45,0,5731,50.2,1.0,0
channel n 0.025,s_cn025,2026,13.45,2026-07-08 08:45,0,5389,117.5,1.0,0
channel n 0.05,s_cn050,2023,15.1,2023-08-07 23:00,0,5658,213.8,1.0,0
channel n 0.05,s_cn050,2017,14.56,2017-06-13 18:15,0,4843,50.5,1.0,0
channel n 0.05,s_cn050,2026,14.64,2026-07-09 02:00,1,5007,117.2,1.0,0
infiltration 2 mm/h,s_inf2,2023,14.58,2023-08-07 22:30,0,5876,170.0,1.0,0
infiltration 2 mm/h,s_inf2,2017,14.13,2017-06-13 16:30,0,5167,50.5,1.0,0
infiltration 2 mm/h,s_inf2,2026,13.96,2026-07-09 01:15,1,4999,116.8,1.0,0
infiltration 5 mm/h,s_inf5,2023,14.41,2023-08-07 22:45,0,5591,165.0,1.0,0
infiltration 5 mm/h,s_inf5,2017,13.96,2017-06-13 16:45,0,4914,49.5,1.0,0
infiltration 5 mm/h,s_inf5,2026,13.79,2026-07-09 01:15,1,4750,116.2,1.0,0
width 1.8 A^0.5,s_w18,2023,14.51,2023-08-07 22:45,0,5945,176.0,1.0,0
width 1.8 A^0.5,s_w18,2017,14.06,2017-06-13 17:15,0,5206,47.8,1.0,0
width 1.8 A^0.5,s_w18,2026,13.93,2026-07-09 01:45,1,5104,115.0,1.0,0
width 3.5 A^0.5,s_w35,2023,14.7,2023-08-07 22:15,0,6090,173.0,1.0,0
width 3.5 A^0.5,s_w35,2017,14.22,2017-06-13 16:00,0,5342,51.0,1.0,0
width 3.5 A^0.5,s_w35,2026,14.07,2026-07-09 01:15,1,5177,117.5,1.0,0
