valid_time,0
2026-07-03 00:00:00,0.008764505
2026-07-03 01:00:00,0.0017166138
2026-07-03 02:00:00,0.0014111996
2026-07-03 03:00:00,0.0011217594
2026-07-03 04:00:00,0.001983881
2026-07-03 05:00:00,0.00054216385
2026-07-03 06:00:00,0.00055742264
2026-07-03 07:00:00,0.0008586794
2026-07-03 08:00:00,0.0027623028
2026-07-03 09:00:00,0.008232892
2026-07-03 10:00:00,0.02438575
2026-07-03 11:00:00,0.058859587
2026-07-03 12:00:00,0.09995699
2026-07-03 13:00:00,0.008933246
2026-07-03 14:00:00,0.5462393
2026-07-03 15:00:00,2.160266
2026-07-03 16:00:00,0.4348011
2026-07-03 17:00:00,2.008833
2026-07-03 18:00:00,0.052504063
2026-07-03 19:00:00,0.0
2026-07-03 20:00:00,0.0
2026-07-03 21:00:00,0.0
2026-07-03 22:00:00,0.00026845932
2026-07-03 23:00:00,0.0014095306
2026-07-04 00:00:00,0.00031280518
2026-07-04 01:00:00,0.085785866
2026-07-04 02:00:00,0.04313898
2026-07-04 03:00:00,0.0030846596
2026-07-04 04:00:00,0.0006108284
2026-07-04 05:00:00,0.0006108284
2026-07-04 06:00:00,3.0040741e-05
2026-07-04 07:00:00,2.2351742e-05
2026-07-04 08:00:00,0.0023208559
2026-07-04 09:00:00,0.00086054206
2026-07-04 10:00:00,0.020205975
2026-07-04 11:00:00,0.005826354
2026-07-04 12:00:00,0.0046268106
2026-07-04 13:00:00,0.024139881
2026-07-04 14:00:00,0.012472272
2026-07-04 15:00:00,3.7330344
2026-07-04 16:00:00,1.8924472
2026-07-04 17:00:00,0.45216084
2026-07-04 18:00:00,0.6834569
2026-07-04 19:00:00,2.049923
2026-07-04 20:00:00,4.291937
2026-07-04 21:00:00,6.55602
2026-07-04 22:00:00,5.545393
2026-07-04 23:00:00,4.450302
2026-07-05 00:00:00,2.951147
2026-07-05 01:00:00,0.73903656
2026-07-05 02:00:00,1.3881607
2026-07-05 03:00:00,2.2206917
2026-07-05 04:00:00,3.1567497
2026-07-05 05:00:00,3.3591118
2026-07-05 06:00:00,3.1599083
2026-07-05 07:00:00,2.7571878
2026-07-05 08:00:00,3.0681605
2026-07-05 09:00:00,3.174849
2026-07-05 10:00:00,4.445985
2026-07-05 11:00:00,8.361444
2026-07-05 12:00:00,10.428831
2026-07-05 13:00:00,11.421814
2026-07-05 14:00:00,5.2907906
2026-07-05 15:00:00,1.8318748
2026-07-05 16:00:00,1.3279037
2026-07-05 17:00:00,1.2163048
2026-07-05 18:00:00,1.3557968
2026-07-05 19:00:00,1.3857803
2026-07-05 20:00:00,1.689434
2026-07-05 21:00:00,1.6129913
2026-07-05 22:00:00,1.3658371
2026-07-05 23:00:00,0.79927063
2026-07-06 00:00:00,0.5241051
2026-07-06 01:00:00,4.1218376
2026-07-06 02:00:00,3.7199097
2026-07-06 03:00:00,3.6044617
2026-07-06 04:00:00,2.606598
2026-07-06 05:00:00,2.098503
2026-07-06 06:00:00,1.420105
2026-07-06 07:00:00,0.5167723
2026-07-06 08:00:00,0.47125667
2026-07-06 09:00:00,0.7166415
2026-07-06 10:00:00,1.1189134
2026-07-06 11:00:00,0.88327384
2026-07-06 12:00:00,0.47788
2026-07-06 13:00:00,1.4130921
2026-07-06 14:00:00,1.5506296
2026-07-06 15:00:00,3.009409
2026-07-06 16:00:00,3.857955
2026-07-06 17:00:00,4.530073
2026-07-06 18:00:00,3.6122494
2026-07-06 19:00:00,2.4009342
2026-07-06 20:00:00,1.805872
2026-07-06 21:00:00,1.5154781
2026-07-06 22:00:00,1.3537102
2026-07-06 23:00:00,1.1043549
2026-07-07 00:00:00,0.782074
2026-07-07 01:00:00,2.2494793
2026-07-07 02:00:00,1.501709
2026-07-07 03:00:00,1.0454521
2026-07-07 04:00:00,1.0471306
2026-07-07 05:00:00,0.9205055
2026-07-07 06:00:00,0.9146347
2026-07-07 07:00:00,1.0656565
2026-07-07 08:00:00,1.2057236
2026-07-07 09:00:00,1.1764729
2026-07-07 10:00:00,1.2907014
2026-07-07 11:00:00,1.3512816
2026-07-07 12:00:00,1.8527956
2026-07-07 13:00:00,5.574465
2026-07-07 14:00:00,8.574996
2026-07-07 15:00:00,13.479696
2026-07-07 16:00:00,13.501347
2026-07-07 17:00:00,7.942795
2026-07-07 18:00:00,3.3370247
2026-07-07 19:00:00,1.9633446
2026-07-07 20:00:00,1.4081001
2026-07-07 21:00:00,1.2291985
2026-07-07 22:00:00,0.95547485
2026-07-07 23:00:00,0.7550583
2026-07-08 00:00:00,0.759285
2026-07-08 01:00:00,1.0768814
2026-07-08 02:00:00,2.3044052
2026-07-08 03:00:00,1.7365189
2026-07-08 04:00:00,2.2565002
2026-07-08 05:00:00,2.8296356
2026-07-08 06:00:00,3.1493454
2026-07-08 07:00:00,3.3300314
2026-07-08 08:00:00,3.0699058
2026-07-08 09:00:00,2.9278207
2026-07-08 10:00:00,2.8799067
2026-07-08 11:00:00,2.4408703
2026-07-08 12:00:00,2.369627
2026-07-08 13:00:00,4.2641983
2026-07-08 14:00:00,5.3708706
2026-07-08 15:00:00,4.9175014
2026-07-08 16:00:00,4.340515
2026-07-08 17:00:00,2.8484917
2026-07-08 18:00:00,1.959919
2026-07-08 19:00:00,2.492279
2026-07-08 20:00:00,2.5812225
2026-07-08 21:00:00,3.0760498
2026-07-08 22:00:00,3.5478745
2026-07-08 23:00:00,3.80093
2026-07-09 00:00:00,4.219486
2026-07-09 01:00:00,7.3151855
2026-07-09 02:00:00,3.8143997
2026-07-09 03:00:00,2.9833527
2026-07-09 04:00:00,4.898735
2026-07-09 05:00:00,4.827667
2026-07-09 06:00:00,4.4855804
2026-07-09 07:00:00,4.0107446
2026-07-09 08:00:00,3.5815759
2026-07-09 09:00:00,3.7089586
2026-07-09 10:00:00,3.3396482
2026-07-09 11:00:00,2.7450838
2026-07-09 12:00:00,2.2527962
2026-07-09 13:00:00,1.678793
2026-07-09 14:00:00,1.5119629
2026-07-09 15:00:00,2.8822708
2026-07-09 16:00:00,5.3428116
2026-07-09 17:00:00,4.77417
2026-07-09 18:00:00,4.083008
2026-07-09 19:00:00,2.6251373
2026-07-09 20:00:00,1.8513947
2026-07-09 21:00:00,1.8782768
2026-07-09 22:00:00,3.5044518
2026-07-09 23:00:00,3.4165688
2026-07-10 00:00:00,2.824726
2026-07-10 01:00:00,2.7829094
2026-07-10 02:00:00,2.4188156
2026-07-10 03:00:00,2.253624
2026-07-10 04:00:00,2.3273087
2026-07-10 05:00:00,2.737091
2026-07-10 06:00:00,3.1870575
2026-07-10 07:00:00,3.0898843
2026-07-10 08:00:00,2.2345018
2026-07-10 09:00:00,1.6960201
2026-07-10 10:00:00,1.8852134
2026-07-10 11:00:00,2.2587776
2026-07-10 12:00:00,1.6277056
2026-07-10 13:00:00,1.2727757
2026-07-10 14:00:00,0.90852356
2026-07-10 15:00:00,0.4854946
2026-07-10 16:00:00,0.5363674
2026-07-10 17:00:00,0.5117054
2026-07-10 18:00:00,1.1978607
2026-07-10 19:00:00,2.0167084
2026-07-10 20:00:00,1.3061905
2026-07-10 21:00:00,1.6453419
2026-07-10 22:00:00,2.2536812
2026-07-10 23:00:00,2.1180363
2026-07-11 00:00:00,1.8797665
2026-07-11 01:00:00,1.7257175
2026-07-11 02:00:00,1.9631233
2026-07-11 03:00:00,1.4026184
2026-07-11 04:00:00,0.6152077
2026-07-11 05:00:00,0.30755997
2026-07-11 06:00:00,0.23994064
2026-07-11 07:00:00,0.3522113
2026-07-11 08:00:00,0.7883758
2026-07-11 09:00:00,1.2200401
2026-07-11 10:00:00,1.0279789
2026-07-11 11:00:00,1.6764326
2026-07-11 12:00:00,2.063036
2026-07-11 13:00:00,0.8423481
2026-07-11 14:00:00,0.7165375
2026-07-11 15:00:00,0.9093132
2026-07-11 16:00:00,1.1477175
2026-07-11 17:00:00,0.9869337
2026-07-11 18:00:00,0.8010864
2026-07-11 19:00:00,0.29672623
2026-07-11 20:00:00,0.12019348
2026-07-11 21:00:00,0.039636612
2026-07-11 22:00:00,0.0029201508
2026-07-11 23:00:00,0.0011329651
2026-07-12 00:00:00,0.018864632
2026-07-12 01:00:00,0.05021763
2026-07-12 02:00:00,0.1421566
2026-07-12 03:00:00,0.5287533
2026-07-12 04:00:00,0.72777176
2026-07-12 05:00:00,0.9336777
2026-07-12 06:00:00,0.6657238
2026-07-12 07:00:00,0.6634053
2026-07-12 08:00:00,0.56414497
2026-07-12 09:00:00,0.36124873
2026-07-12 10:00:00,0.093229175
2026-07-12 11:00:00,0.29979646
2026-07-12 12:00:00,0.15492749
2026-07-12 13:00:00,0.18487859
2026-07-12 14:00:00,0.0757277
2026-07-12 15:00:00,0.03530073
2026-07-12 16:00:00,0.04610443
2026-07-12 17:00:00,0.21012115
2026-07-12 18:00:00,0.20898867
2026-07-12 19:00:00,0.0523479
2026-07-12 20:00:00,0.057458878
2026-07-12 21:00:00,0.062534094
2026-07-12 22:00:00,0.12643647
2026-07-12 23:00:00,0.19416213
2026-07-13 00:00:00,0.34478307
2026-07-13 01:00:00,1.4742911
2026-07-13 02:00:00,1.2612438
2026-07-13 03:00:00,0.7576513
2026-07-13 04:00:00,0.92118406
2026-07-13 05:00:00,0.33314896
2026-07-13 06:00:00,0.23195171
2026-07-13 07:00:00,0.41965023
2026-07-13 08:00:00,0.88745356
2026-07-13 09:00:00,0.48152733
2026-07-13 10:00:00,1.2202412
2026-07-13 11:00:00,0.37924933
2026-07-13 12:00:00,3.9070249
2026-07-13 13:00:00,0.06480551
2026-07-13 14:00:00,2.103939
2026-07-13 15:00:00,0.9857063
2026-07-13 16:00:00,0.2033205
2026-07-13 17:00:00,0.13607693
2026-07-13 18:00:00,0.13422966
2026-07-13 19:00:00,0.0054092407
2026-07-13 20:00:00,0.0033826828
2026-07-13 21:00:00,0.006258011
2026-07-13 22:00:00,0.0025672913
2026-07-13 23:00:00,0.0064516068
