time,mm
2017-06-10 00:00:00,0.0
2017-06-10 01:00:00,0.0
2017-06-10 02:00:00,0.4
2017-06-10 03:00:00,0.0
2017-06-10 04:00:00,1.0
2017-06-10 05:00:00,0.8
2017-06-10 06:00:00,0.0
2017-06-10 07:00:00,0.8
2017-06-10 08:00:00,1.6
2017-06-10 09:00:00,0.0
2017-06-10 10:00:00,0.0
2017-06-10 11:00:00,0.0
2017-06-10 12:00:00,0.0
2017-06-10 13:00:00,0.0
2017-06-10 14:00:00,0.2
2017-06-10 15:00:00,0.0
2017-06-10 16:00:00,0.0
2017-06-10 17:00:00,0.0
2017-06-10 18:00:00,0.0
2017-06-10 19:00:00,0.0
2017-06-10 20:00:00,1.3
2017-06-10 21:00:00,1.4
2017-06-10 22:00:00,3.3
2017-06-10 23:00:00,1.8
2017-06-11 00:00:00,4.1
2017-06-11 01:00:00,4.5
2017-06-11 02:00:00,2.6
2017-06-11 03:00:00,2.8
2017-06-11 04:00:00,0.7
2017-06-11 05:00:00,0.4
2017-06-11 06:00:00,0.1
2017-06-11 07:00:00,0.0
2017-06-11 08:00:00,0.1
2017-06-11 09:00:00,2.0
2017-06-11 10:00:00,0.7
2017-06-11 11:00:00,1.7
2017-06-11 12:00:00,0.1
2017-06-11 13:00:00,0.3
2017-06-11 14:00:00,2.7
2017-06-11 15:00:00,1.8
2017-06-11 16:00:00,0.9
2017-06-11 17:00:00,4.9
2017-06-11 18:00:00,2.0
2017-06-11 19:00:00,0.0
2017-06-11 20:00:00,0.0
2017-06-11 21:00:00,0.0
2017-06-11 22:00:00,0.1
2017-06-11 23:00:00,0.1
2017-06-12 00:00:00,0.9
2017-06-12 01:00:00,6.5
2017-06-12 02:00:00,5.3
2017-06-12 03:00:00,10.1
2017-06-12 04:00:00,20.1
2017-06-12 05:00:00,18.6
2017-06-12 06:00:00,22.8
2017-06-12 07:00:00,5.1
2017-06-12 08:00:00,7.7
2017-06-12 09:00:00,7.6
2017-06-12 10:00:00,19.4
2017-06-12 11:00:00,7.1
2017-06-12 12:00:00,6.4
2017-06-12 13:00:00,7.1
2017-06-12 14:00:00,3.3
2017-06-12 15:00:00,1.7
2017-06-12 16:00:00,1.6
2017-06-12 17:00:00,1.3
2017-06-12 18:00:00,2.7
2017-06-12 19:00:00,11.4
2017-06-12 20:00:00,12.5
2017-06-12 21:00:00,11.2
2017-06-12 22:00:00,9.7
2017-06-12 23:00:00,10.2
2017-06-13 00:00:00,11.1
2017-06-13 01:00:00,5.8
2017-06-13 02:00:00,3.8
2017-06-13 03:00:00,8.1
2017-06-13 04:00:00,12.8
2017-06-13 05:00:00,11.9
2017-06-13 06:00:00,10.1
2017-06-13 07:00:00,7.1
2017-06-13 08:00:00,11.6
2017-06-13 09:00:00,23.1
2017-06-13 10:00:00,5.6
2017-06-13 11:00:00,4.1
2017-06-13 12:00:00,3.2
2017-06-13 13:00:00,0.9
2017-06-13 14:00:00,1.1
2017-06-13 15:00:00,0.5
2017-06-13 16:00:00,1.2
2017-06-13 17:00:00,0.9
2017-06-13 18:00:00,0.3
2017-06-13 19:00:00,0.3
2017-06-13 20:00:00,0.6
2017-06-13 21:00:00,0.3
2017-06-13 22:00:00,0.3
2017-06-13 23:00:00,0.4
2017-06-14 00:00:00,0.1
2017-06-14 01:00:00,0.2
2017-06-14 02:00:00,1.2
2017-06-14 03:00:00,2.0
2017-06-14 04:00:00,1.6
2017-06-14 05:00:00,1.4
2017-06-14 06:00:00,0.2
2017-06-14 07:00:00,0.1
2017-06-14 08:00:00,0.2
2017-06-14 09:00:00,0.1
2017-06-14 10:00:00,0.2
2017-06-14 11:00:00,0.1
2017-06-14 12:00:00,0.1
2017-06-14 13:00:00,0.5
2017-06-14 14:00:00,1.1
2017-06-14 15:00:00,0.6
2017-06-14 16:00:00,0.1
2017-06-14 17:00:00,0.1
2017-06-14 18:00:00,0.0
2017-06-14 19:00:00,0.0
2017-06-14 20:00:00,0.0
2017-06-14 21:00:00,0.0
2017-06-14 22:00:00,0.0
2017-06-14 23:00:00,0.0
