point,window,year,annual_max_mm
Rangamati,24h,1950,108.42216110229492
Rangamati,24h,1951,211.1003224849701
Rangamati,24h,1952,78.066650390625
Rangamati,24h,1953,95.35206985473633
Rangamati,24h,1954,130.70385551452637
Rangamati,24h,1955,107.40181350708008
Rangamati,24h,1956,100.38078117370605
Rangamati,24h,1957,96.88931655883789
Rangamati,24h,1958,91.06105422973633
Rangamati,24h,1959,75.73923110961914
Rangamati,24h,1960,119.80707454681396
Rangamati,24h,1961,137.05243492126465
Rangamati,24h,1962,109.92399215698242
Rangamati,24h,1963,356.512451171875
Rangamati,24h,1964,64.47491836547852
Rangamati,24h,1965,144.1627836227417
Rangamati,24h,1966,144.70685386657715
Rangamati,24h,1967,113.42619705200195
Rangamati,24h,1968,108.09146881103516
Rangamati,24h,1969,243.77396774291992
Rangamati,24h,1970,111.0057418346405
Rangamati,24h,1971,193.5758671760559
Rangamati,24h,1972,184.87054824829102
Rangamati,24h,1973,200.89076113700867
Rangamati,24h,1974,140.9962158203125
Rangamati,24h,1975,96.4782943725586
Rangamati,24h,1976,111.33426904678345
Rangamati,24h,1977,105.0898854136467
Rangamati,24h,1978,180.6217212677002
Rangamati,24h,1979,118.45077610015869
Rangamati,24h,1980,59.53004503250122
Rangamati,24h,1981,46.07622051239014
Rangamati,24h,1982,69.58189582824707
Rangamati,24h,1983,76.08216893672943
Rangamati,24h,1984,181.27670431137085
Rangamati,24h,1985,56.881690979003906
Rangamati,24h,1986,60.44831657409668
Rangamati,24h,1987,99.57147240638733
Rangamati,24h,1988,80.91525650024414
Rangamati,24h,1989,67.2483422756195
Rangamati,24h,1990,78.51802730560303
Rangamati,24h,1991,107.5445556640625
Rangamati,24h,1992,73.30516052246094
Rangamati,24h,1993,99.97599792480469
Rangamati,24h,1994,77.307637155056
Rangamati,24h,1995,144.62713050842285
Rangamati,24h,1996,92.54149627685547
Rangamati,24h,1997,127.02489370107651
Rangamati,24h,1998,121.99553680419922
Rangamati,24h,1999,91.06361770629883
Rangamati,24h,2000,212.92645835876465
Rangamati,24h,2001,185.34462642669678
Rangamati,24h,2002,99.66077375411987
Rangamati,24h,2003,83.97263240814209
Rangamati,24h,2004,160.7586669921875
Rangamati,24h,2005,69.84544658660889
Rangamati,24h,2006,64.34391403198242
Rangamati,24h,2007,142.1944808959961
Rangamati,24h,2008,84.24144768714905
Rangamati,24h,2009,87.41268873214722
Rangamati,24h,2010,166.83752059936523
Rangamati,24h,2011,83.68296432495117
Rangamati,24h,2012,52.713340759277344
Rangamati,24h,2013,148.53925704956055
Rangamati,24h,2014,78.21114540100098
Rangamati,24h,2015,236.8383026123047
Rangamati,24h,2016,108.11846208572388
Rangamati,24h,2017,116.34291553497314
Rangamati,24h,2018,293.5310974121094
Rangamati,24h,2019,50.06219619512558
Rangamati,24h,2020,86.70179557800293
Rangamati,24h,2021,95.16595363616943
Rangamati,24h,2022,54.84586143493652
Rangamati,24h,2023,91.9000825881958
Rangamati,24h,2024,125.53231430053711
Rangamati,24h,2025,98.1890869140625
Rangamati,24h,2026,106.401535987854
Rangamati,72h,1950,148.89129149913788
Rangamati,72h,1951,232.84519737958908
Rangamati,72h,1952,109.84017497301102
Rangamati,72h,1953,151.2509058713913
Rangamati,72h,1954,216.65471267700195
Rangamati,72h,1955,179.92751562595367
Rangamati,72h,1956,200.07219290733337
Rangamati,72h,1957,184.24253845214844
Rangamati,72h,1958,162.45522943139076
Rangamati,72h,1959,125.88556575775146
Rangamati,72h,1960,255.03088188171387
Rangamati,72h,1961,234.6101427078247
Rangamati,72h,1962,232.9172934293747
Rangamati,72h,1963,556.1933746337891
Rangamati,72h,1964,148.82188320159912
Rangamati,72h,1965,317.4024930000305
Rangamati,72h,1966,202.64374947547913
Rangamati,72h,1967,301.57010650634766
Rangamati,72h,1968,189.31508219242096
Rangamati,72h,1969,368.1969704627991
Rangamati,72h,1970,200.25069999694824
Rangamati,72h,1971,233.23073303699493
Rangamati,72h,1972,289.5857322216034
Rangamati,72h,1973,268.92075538635254
Rangamati,72h,1974,227.85221481323242
Rangamati,72h,1975,182.63719511032104
Rangamati,72h,1976,278.4139232635498
Rangamati,72h,1977,155.43497276306152
Rangamati,72h,1978,216.24245011806488
Rangamati,72h,1979,218.72963285446167
Rangamati,72h,1980,133.92206120491028
Rangamati,72h,1981,91.29010367393494
Rangamati,72h,1982,124.1789340376854
Rangamati,72h,1983,142.1214084625244
Rangamati,72h,1984,260.2013159394264
Rangamati,72h,1985,103.13737553358078
Rangamati,72h,1986,144.9351282119751
Rangamati,72h,1987,166.48088479042053
Rangamati,72h,1988,161.40888595581055
Rangamati,72h,1989,141.93031990528107
Rangamati,72h,1990,152.91740506887436
Rangamati,72h,1991,159.56814622879028
Rangamati,72h,1992,153.2260594367981
Rangamati,72h,1993,237.74149918556213
Rangamati,72h,1994,112.0998649597168
Rangamati,72h,1995,290.40035820007324
Rangamati,72h,1996,156.8956527709961
Rangamati,72h,1997,147.76410722732544
Rangamati,72h,1998,172.79690968990326
Rangamati,72h,1999,210.25758361816406
Rangamati,72h,2000,316.19222927093506
Rangamati,72h,2001,264.9374771118164
Rangamati,72h,2002,172.1063437461853
Rangamati,72h,2003,123.85452950000763
Rangamati,72h,2004,250.96817779541016
Rangamati,72h,2005,108.33676248788834
Rangamati,72h,2006,132.65336513519287
Rangamati,72h,2007,247.61536836624146
Rangamati,72h,2008,165.50930047035217
Rangamati,72h,2009,123.08894872665405
Rangamati,72h,2010,250.3286018371582
Rangamati,72h,2011,185.7315878868103
Rangamati,72h,2012,115.12010836601257
Rangamati,72h,2013,196.41302394866943
Rangamati,72h,2014,146.18487465381622
Rangamati,72h,2015,377.81480354070663
Rangamati,72h,2016,199.397625207901
Rangamati,72h,2017,192.95185273885727
Rangamati,72h,2018,450.9037036895752
Rangamati,72h,2019,99.0461688041687
Rangamati,72h,2020,130.6949126124382
Rangamati,72h,2021,197.9873456954956
Rangamati,72h,2022,108.7078595161438
Rangamati,72h,2023,164.09576499462128
Rangamati,72h,2024,213.90491104125977
Rangamati,72h,2025,190.89718675613403
Rangamati,72h,2026,259.9373607635498
Bandarban,24h,1950,126.39596557617188
Bandarban,24h,1951,263.1853332519531
Bandarban,24h,1952,83.36382293701172
Bandarban,24h,1953,60.794416427612305
Bandarban,24h,1954,116.36493110656738
Bandarban,24h,1955,96.58565521240234
Bandarban,24h,1956,127.08679008483887
Bandarban,24h,1957,85.9019136428833
Bandarban,24h,1958,71.43524551391602
Bandarban,24h,1959,129.00154161453247
Bandarban,24h,1960,178.66117095947266
Bandarban,24h,1961,81.8786256313324
Bandarban,24h,1962,99.66892433166504
Bandarban,24h,1963,157.37779998779297
Bandarban,24h,1964,60.18567895889282
Bandarban,24h,1965,129.4532823562622
Bandarban,24h,1966,154.1198616027832
Bandarban,24h,1967,111.71480894088745
Bandarban,24h,1968,92.09855461120605
Bandarban,24h,1969,252.1558632850647
Bandarban,24h,1970,195.6831226348877
Bandarban,24h,1971,104.00802850723267
Bandarban,24h,1972,230.72859621047974
Bandarban,24h,1973,145.47816294431686
Bandarban,24h,1974,101.28487014770508
Bandarban,24h,1975,94.6454725265503
Bandarban,24h,1976,157.04706859588623
Bandarban,24h,1977,123.30591070652008
Bandarban,24h,1978,300.0913724899292
Bandarban,24h,1979,115.54788398742676
Bandarban,24h,1980,54.46340560913086
Bandarban,24h,1981,56.39016675949097
Bandarban,24h,1982,85.49471187591553
Bandarban,24h,1983,64.64079141616821
Bandarban,24h,1984,127.92411422729492
Bandarban,24h,1985,63.305877685546875
Bandarban,24h,1986,73.60179471969604
Bandarban,24h,1987,105.89894342422485
Bandarban,24h,1988,73.66443252563477
Bandarban,24h,1989,68.71527433395386
Bandarban,24h,1990,99.8337310552597
Bandarban,24h,1991,103.41039085388184
Bandarban,24h,1992,126.94449615478516
Bandarban,24h,1993,100.6098804473877
Bandarban,24h,1994,89.55152225494385
Bandarban,24h,1995,177.96460342407227
Bandarban,24h,1996,103.74865818023682
Bandarban,24h,1997,121.6326539516449
Bandarban,24h,1998,136.54819297790527
Bandarban,24h,1999,92.07598495483398
Bandarban,24h,2000,187.0750732421875
Bandarban,24h,2001,198.49937510490417
Bandarban,24h,2002,96.700035572052
Bandarban,24h,2003,98.93363571166992
Bandarban,24h,2004,94.40412527322769
Bandarban,24h,2005,64.23469722270966
Bandarban,24h,2006,75.88493883609772
Bandarban,24h,2007,182.6456127166748
Bandarban,24h,2008,97.43492126464844
Bandarban,24h,2009,222.55773544311523
Bandarban,24h,2010,137.17390251159668
Bandarban,24h,2011,74.67085647583008
Bandarban,24h,2012,114.71414279937744
Bandarban,24h,2013,81.93044948577881
Bandarban,24h,2014,57.48079037666321
Bandarban,24h,2015,261.5658121109009
Bandarban,24h,2016,273.44002294540405
Bandarban,24h,2017,120.78450727462769
Bandarban,24h,2018,281.3540458679199
Bandarban,24h,2019,68.88135480880737
Bandarban,24h,2020,107.62528896331787
Bandarban,24h,2021,92.69921207427979
Bandarban,24h,2022,51.0556583404541
Bandarban,24h,2023,75.91366863250732
Bandarban,24h,2024,183.43491458892822
Bandarban,24h,2025,98.6880989074707
Bandarban,24h,2026,95.57854223251343
Bandarban,72h,1950,162.9749380350113
Bandarban,72h,1951,411.9249587059021
Bandarban,72h,1952,109.16541361808777
Bandarban,72h,1953,132.29034996032715
Bandarban,72h,1954,151.34311866760254
Bandarban,72h,1955,174.7490866780281
Bandarban,72h,1956,210.70890426635742
Bandarban,72h,1957,187.10082602500916
Bandarban,72h,1958,139.98638772964478
Bandarban,72h,1959,160.1528617143631
Bandarban,72h,1960,283.1673526763916
Bandarban,72h,1961,179.12517070770264
Bandarban,72h,1962,197.27877295017242
Bandarban,72h,1963,324.54252195358276
Bandarban,72h,1964,151.91604661941528
Bandarban,72h,1965,295.5584964752197
Bandarban,72h,1966,215.66406345367432
Bandarban,72h,1967,282.22164154052734
Bandarban,72h,1968,166.24853819608688
Bandarban,72h,1969,398.52457427978516
Bandarban,72h,1970,258.73268699645996
Bandarban,72h,1971,251.86300086975098
Bandarban,72h,1972,300.38351207971573
Bandarban,72h,1973,204.4190537929535
Bandarban,72h,1974,167.23499584197998
Bandarban,72h,1975,180.08174324035645
Bandarban,72h,1976,263.6604051589966
Bandarban,72h,1977,155.04928141832352
Bandarban,72h,1978,331.17146599292755
Bandarban,72h,1979,217.03572896122932
Bandarban,72h,1980,133.4415409564972
Bandarban,72h,1981,101.99227224290371
Bandarban,72h,1982,143.9135947227478
Bandarban,72h,1983,118.40510380268097
Bandarban,72h,1984,218.90025341510773
Bandarban,72h,1985,116.614187002182
Bandarban,72h,1986,173.6194610595703
Bandarban,72h,1987,176.53262996673584
Bandarban,72h,1988,181.78768062591553
Bandarban,72h,1989,147.81014823913574
Bandarban,72h,1990,177.64404201507568
Bandarban,72h,1991,161.11360251903534
Bandarban,72h,1992,225.65263080596924
Bandarban,72h,1993,179.6614284515381
Bandarban,72h,1994,144.28784954547882
Bandarban,72h,1995,396.91307067871094
Bandarban,72h,1996,190.21347045898438
Bandarban,72h,1997,180.61432266235352
Bandarban,72h,1998,179.71005380153656
Bandarban,72h,1999,210.8861608505249
Bandarban,72h,2000,304.9835271835327
Bandarban,72h,2001,265.4033499956131
Bandarban,72h,2002,209.6945972442627
Bandarban,72h,2003,141.26815539598465
Bandarban,72h,2004,208.38285064697266
Bandarban,72h,2005,131.30147206783295
Bandarban,72h,2006,147.9575573205948
Bandarban,72h,2007,243.7297487258911
Bandarban,72h,2008,195.62707710266113
Bandarban,72h,2009,304.13365602493286
Bandarban,72h,2010,231.46202850341797
Bandarban,72h,2011,174.31984329223633
Bandarban,72h,2012,186.06184029579163
Bandarban,72h,2013,164.93014907836914
Bandarban,72h,2014,126.37142777442932
Bandarban,72h,2015,410.12716722488403
Bandarban,72h,2016,278.81001633405685
Bandarban,72h,2017,201.71755170822144
Bandarban,72h,2018,456.0917694568634
Bandarban,72h,2019,118.26415419578552
Bandarban,72h,2020,166.00964832305908
Bandarban,72h,2021,201.4850730895996
Bandarban,72h,2022,86.4604434967041
Bandarban,72h,2023,164.02023315429688
Bandarban,72h,2024,272.40400648117065
Bandarban,72h,2025,208.15659284591675
Bandarban,72h,2026,246.33286952972412
