date,n,max24h,max72h,flag,cell_offset_km
13/06/2017,257,111.9,174.6,OK,5.8
20/07/2017,73,19.0,35.8,SUSPECT,4.6
15/06/2010,53,112.0,229.8,OK,6.5
15/06/2017,22,107.1,199.4,OK,4.0
11/06/2007,13,23.9,60.6,SUSPECT,3.8
14/06/2010,8,91.6,171.8,OK,2.7
11/06/2017,5,25.6,45.6,SUSPECT,1.7
28/07/2013,5,61.8,147.0,OK,5.4
03/07/2008,4,70.3,138.4,OK,3.2
06/06/2008,4,20.8,43.9,SUSPECT,2.3
26/06/2012,4,53.6,123.4,WEAK,3.8
01/06/2016,3,8.9,12.9,SUSPECT,4.3
01/07/2011,3,68.3,138.0,OK,5.8
10/07/2017,3,11.5,21.9,SUSPECT,2.8
13/06/2010,3,64.5,96.8,OK,1.6
