,era5land_raw,imerg_raw,era5land_raw_corr_low,era5land_raw_corr_high,imerg_raw_corr_low,imerg_raw_corr_high
2017-06-06 07:00:00,0.0072736293,,0.02075627,0.021443976,,
2017-06-06 08:00:00,0.056399032,,0.16094215,0.16627456,,
2017-06-06 09:00:00,0.08549541,,0.24397254,0.25205597,,
2017-06-06 10:00:00,0.13394654,,0.38223428,0.39489865,,
2017-06-06 11:00:00,0.026471913,,0.07554113,0.078044,,
2017-06-06 12:00:00,0.019706786,,0.056235936,0.058099173,,
2017-06-06 13:00:00,0.010833144,,0.030913819,0.031938072,,
2017-06-06 14:00:00,0.12788922,,0.3649489,0.37704057,,
2017-06-06 15:00:00,0.0042766333,,0.012203942,0.01260829,,
2017-06-06 16:00:00,0.0,,0.0,0.0,,
2017-06-06 17:00:00,0.0,,0.0,0.0,,
2017-06-06 18:00:00,0.0013411045,,0.0038270203,0.003953819,,
2017-06-06 19:00:00,0.00090897083,,0.0025938693,0.0026798106,,
2017-06-06 20:00:00,0.0,,0.0,0.0,,
2017-06-06 21:00:00,0.0,,0.0,0.0,,
2017-06-06 22:00:00,0.0008521676,,0.0024317738,0.0025123444,,
2017-06-06 23:00:00,0.0,,0.0,0.0,,
2017-06-07 00:00:00,0.0,,0.0,0.0,,
2017-06-07 01:00:00,0.0,,0.0,0.0,,
2017-06-07 02:00:00,0.0,,0.0,0.0,,
2017-06-07 03:00:00,0.0,,0.0,0.0,,
2017-06-07 04:00:00,0.0,,0.0,0.0,,
2017-06-07 05:00:00,0.0,,0.0,0.0,,
2017-06-07 06:00:00,0.0,,0.0,0.0,,
2017-06-07 07:00:00,0.0,,0.0,0.0,,
2017-06-07 08:00:00,0.0,,0.0,0.0,,
2017-06-07 09:00:00,0.0,,0.0,0.0,,
2017-06-07 10:00:00,0.0,,0.0,0.0,,
2017-06-07 11:00:00,0.0,,0.0,0.0,,
2017-06-07 12:00:00,0.00090897083,,0.0025938693,0.0026798106,,
2017-06-07 13:00:00,0.00045448542,,0.0012969347,0.0013399053,,
2017-06-07 14:00:00,0.0076517463,,0.021835277,0.022558734,,
2017-06-07 15:00:00,0.4059747,,1.1585028,1.1968869,,
2017-06-07 16:00:00,0.034868717,,0.099502526,0.1027993,,
2017-06-07 17:00:00,0.11027902,,0.31469586,0.32512254,,
2017-06-07 18:00:00,0.054627657,,0.15588729,0.16105223,,
2017-06-07 19:00:00,2.6753545,,7.6344805,7.8874297,,
2017-06-07 20:00:00,0.4277377,,1.2206066,1.2610483,,
2017-06-07 21:00:00,0.10484457,,0.29918793,0.30910078,,
2017-06-07 22:00:00,0.06335974,,0.18080544,0.18679598,,
2017-06-07 23:00:00,0.00257802,,0.007356724,0.0076004704,,
2017-06-08 00:00:00,0.000426054,,0.0012158018,0.0012560844,,
2017-06-08 01:00:00,0.6558597,,1.871583,1.9335933,,
2017-06-08 02:00:00,1.102716,,3.1467469,3.2510064,,
2017-06-08 03:00:00,0.34120655,,0.97367835,1.0059388,,
2017-06-08 04:00:00,1.3447704,,3.8374815,3.9646268,,
2017-06-08 05:00:00,1.6691985,,4.7632804,4.9210997,,
2017-06-08 06:00:00,0.47722435,,1.3618232,1.4069438,,
2017-06-08 07:00:00,0.002272427,,0.0064846734,0.0066995267,,
2017-06-08 08:00:00,0.0,,0.0,0.0,,
2017-06-08 09:00:00,0.0,,0.0,0.0,,
2017-06-08 10:00:00,0.002577901,,0.0073563834,0.007600119,,
2017-06-08 11:00:00,0.018313527,,0.05226009,0.053991597,,
2017-06-08 12:00:00,0.044301152,,0.12641923,0.13060783,,
2017-06-08 13:00:00,0.024572015,,0.070119515,0.07244275,,
2017-06-08 14:00:00,0.025771558,,0.07354257,0.075979225,,
2017-06-08 15:00:00,0.6900281,,1.969087,2.0343277,,
2017-06-08 16:00:00,2.0044446,,5.7199497,5.909466,,
2017-06-08 17:00:00,0.04777336,,0.13632765,0.14084452,,
2017-06-08 18:00:00,1.7410369,,4.968281,5.132892,,
2017-06-08 19:00:00,1.5062242,,4.298211,4.440622,,
2017-06-08 20:00:00,0.47048903,,1.3426031,1.3870869,,
2017-06-08 21:00:00,0.12126589,,0.34604836,0.35751382,,
2017-06-08 22:00:00,0.0064225197,,0.018327516,0.01893475,,
2017-06-08 23:00:00,0.010773182,,0.030742709,0.031761292,,
2017-06-09 00:00:00,0.007018566,,0.020028412,0.020692004,,
2017-06-09 01:00:00,0.008076668,,0.023047848,0.02381148,,
2017-06-09 02:00:00,0.012397766,,0.035378676,0.03655086,,
2017-06-09 03:00:00,0.0059900284,,0.017093344,0.017659688,,
2017-06-09 04:00:00,0.015038013,,0.042912975,0.044334788,,
2017-06-09 05:00:00,0.004368782,,0.012466901,0.012879961,,
2017-06-09 06:00:00,9.536743e-06,,2.7214366e-05,2.8116046e-05,,
2017-06-09 07:00:00,0.0,,0.0,0.0,,
2017-06-09 08:00:00,0.0,,0.0,0.0,,
2017-06-09 09:00:00,0.021494925,,0.06133863,0.063370936,,
2017-06-09 10:00:00,0.08943677,,0.25521973,0.2636758,,
2017-06-09 11:00:00,0.106953084,,0.30520487,0.31531706,,
2017-06-09 12:00:00,0.073730946,,0.21040107,0.21737218,,
2017-06-09 13:00:00,0.3568083,,1.0182,1.0519356,,
2017-06-09 14:00:00,6.087221,,17.370697,17.94623,,
2017-06-09 15:00:00,1.0500922,,2.996578,3.0958622,,
2017-06-09 16:00:00,0.081300735,,0.23200248,0.23968929,,
2017-06-09 17:00:00,0.2827201,,0.80677944,0.83351004,,
2017-06-09 18:00:00,0.03464508,,0.098864354,0.10213997,,
2017-06-09 19:00:00,0.04553795,,0.1299486,0.13425413,,
2017-06-09 20:00:00,0.0008792877,,0.0025091646,0.0025922996,,
2017-06-09 21:00:00,0.0,,0.0,0.0,,
2017-06-09 22:00:00,0.0,,0.0,0.0,,
2017-06-09 23:00:00,0.0,,0.0,0.0,,
2017-06-10 00:00:00,0.0,,0.0,0.0,,
2017-06-10 01:00:00,0.036089897,3.315,0.10298733,0.10639955,5.107811,5.2770457
2017-06-10 02:00:00,0.15075493,0.745,0.43019927,0.44445285,1.1479092,1.1859424
2017-06-10 03:00:00,0.16422653,0.0,0.46864226,0.48416957,0.0,0.0
2017-06-10 04:00:00,0.009730339,0.0,0.027766818,0.028686803,0.0,0.0
2017-06-10 05:00:00,0.0,0.0,0.0,0.0,0.0,0.0
2017-06-10 06:00:00,0.0,0.0,0.0,0.0,0.0,0.0
2017-06-10 07:00:00,0.0022351742,0.0,0.006378367,0.0065896986,0.0,0.0
2017-06-10 08:00:00,0.007137656,0.0,0.020368252,0.021043103,0.0,0.0
2017-06-10 09:00:00,0.013139099,0.0,0.037494168,0.038736444,0.0,0.0
2017-06-10 10:00:00,0.10078773,0.0,0.28761122,0.29714048,0.0,0.0
2017-06-10 11:00:00,0.040128827,0.0,0.11451295,0.118307054,0.0,0.0
2017-06-10 12:00:00,0.004798174,0.0,0.013692228,0.014145886,0.0,0.0
2017-06-10 13:00:00,0.012055039,0.0,0.03440066,0.03554044,0.0,0.0
2017-06-10 14:00:00,1.2812018,0.0,3.65608,3.777215,0.0,0.0
2017-06-10 15:00:00,2.9285178,0.42499998,8.356915,8.633801,0.6548475,0.6765443
2017-06-10 16:00:00,0.08607674,4.33,0.24563143,0.25376981,6.6717405,6.8927927
2017-06-10 17:00:00,0.0077114105,7.95,0.022005538,0.022734635,12.2495,12.655358
2017-06-10 18:00:00,0.024527073,2.945,0.06999127,0.072310254,4.5377083,4.688054
2017-06-10 19:00:00,0.035837173,0.72,0.10226615,0.10565448,1.1093888,1.1461457
2017-06-10 20:00:00,0.019505978,1.4599999,0.055662904,0.057507157,2.2495937,2.3241286
2017-06-10 21:00:00,0.0021457672,0.53999996,0.0061232327,0.0063261106,0.8320415,0.8596092
2017-06-10 22:00:00,0.0017881393,0.325,0.0051026936,0.005271759,0.50076574,0.5173574
2017-06-10 23:00:00,0.0021157265,0.45,0.006037507,0.006237545,0.69336796,0.716341
2017-06-11 00:00:00,0.0017166138,1.8849999,0.004898586,0.0050608884,2.904441,3.0006728
2017-06-11 01:00:00,0.56692934,0.055,1.6178083,1.6714104,0.084744975,0.08755279
2017-06-11 02:00:00,0.24697208,0.0,0.7047677,0.7281184,0.0,0.0
2017-06-11 03:00:00,0.059962273,0.0,0.17111033,0.17677964,0.0,0.0
2017-06-11 04:00:00,0.009834766,0.0,0.028064815,0.028994672,0.0,0.0
2017-06-11 05:00:00,0.0017580986,0.0,0.0050169686,0.0051831934,0.0,0.0
2017-06-11 06:00:00,0.003189087,0.0,0.009100484,0.009402006,0.0,0.0
2017-06-11 07:00:00,0.0018309802,0.18,0.005224946,0.005398061,0.2773472,0.28653643
2017-06-11 08:00:00,0.06160699,0.0,0.17580375,0.18162856,0.0,0.0
2017-06-11 09:00:00,0.11412427,0.0,0.3256688,0.336459,0.0,0.0
2017-06-11 10:00:00,0.116065145,0.75,0.33120733,0.34218106,1.1556133,1.1939018
2017-06-11 11:00:00,0.38821995,0.835,1.1078373,1.1445427,1.2865828,1.3292105
2017-06-11 12:00:00,3.8766415,0.005,11.062512,11.429042,0.0077040885,0.007959344
2017-06-11 13:00:00,2.4131684,0.0,6.8862977,7.1144576,0.0,0.0
2017-06-11 14:00:00,1.8983188,0.0,5.417105,5.5965877,0.0,0.0
2017-06-11 15:00:00,1.4131365,0.295,4.032573,4.1661825,0.4545412,0.46960133
2017-06-11 16:00:00,1.2230129,0.91999996,3.4900303,3.6056635,1.4175522,1.4645194
2017-06-11 17:00:00,0.681221,0.38,1.9439548,2.008363,0.58551073,0.6049102
2017-06-11 18:00:00,0.2672825,0.21000001,0.7627262,0.7879972,0.32357174,0.3342925
2017-06-11 19:00:00,0.2419653,0.06,0.6904802,0.7133575,0.09244906,0.09551214
2017-06-11 20:00:00,0.2572832,0.055,0.7341919,0.7585175,0.084744975,0.08755279
2017-06-11 21:00:00,0.2802019,0.0,0.79959345,0.826086,0.0,0.0
2017-06-11 22:00:00,0.21225166,0.65999997,0.6056884,0.6257563,1.0169396,1.0506334
2017-06-11 23:00:00,0.2799034,0.145,0.79874164,0.825206,0.22341856,0.230821
2017-06-12 00:00:00,0.3193016,0.91499996,0.91116965,0.941359,1.4098482,1.45656
2017-06-12 01:00:00,4.398287,3.4450002,12.551097,12.966947,5.3081174,5.483989
2017-06-12 02:00:00,8.704037,2.195,24.838127,25.661077,3.3820949,3.4941523
2017-06-12 03:00:00,9.061186,3.11,25.8573,26.714018,4.791943,4.950712
2017-06-12 04:00:00,6.367298,3.945,18.169933,18.771948,6.078526,6.279923
2017-06-12 05:00:00,4.9268913,1.6999999,14.059541,14.525368,2.61939,2.7061772
2017-06-12 06:00:00,2.1493416,2.53,6.1334324,6.3366485,3.898269,4.0274286
2017-06-12 07:00:00,0.9093117,3.7099998,2.594842,2.6808157,5.7164335,5.9058337
2017-06-12 08:00:00,1.3070312,5.23,3.7297873,3.8533647,8.058476,8.325475
2017-06-12 09:00:00,1.9574871,9.375,5.58595,5.7710266,14.445167,14.923772
2017-06-12 10:00:00,2.338983,5.87,6.6745996,6.8957458,9.0446,9.344271
2017-06-12 11:00:00,2.1294055,11.12,6.0765424,6.277873,17.133894,17.701584
2017-06-12 12:00:00,2.0368176,6.6,5.8123302,6.004907,10.169397,10.506335
2017-06-12 13:00:00,4.542843,4.7149997,12.963607,13.393124,7.264955,7.505662
2017-06-12 14:00:00,4.263297,4.8599997,12.165886,12.568972,7.4883738,7.7364826
2017-06-12 15:00:00,2.596363,16.76,7.4090676,7.6545486,25.824106,26.679726
2017-06-12 16:00:00,2.0007782,9.04,5.709487,5.8986564,13.928992,14.390495
2017-06-12 17:00:00,1.6836529,7.285,4.8045278,4.9637136,11.224857,11.5967655
2017-06-12 18:00:00,1.9535275,5.205,5.574651,5.7593527,8.019957,8.285678
2017-06-12 19:00:00,3.2362785,2.045,9.235151,9.541136,3.1509724,3.2553723
2017-06-12 20:00:00,2.8422318,1.69,8.110687,8.379414,2.603982,2.6902587
2017-06-12 21:00:00,2.767311,3.55,7.8968906,8.158534,5.469903,5.651135
2017-06-12 22:00:00,4.5465813,5.4049997,12.974275,13.404145,8.328119,8.604052
2017-06-12 23:00:00,7.572399,6.395,21.608849,22.324804,9.853529,10.180002
2017-06-13 00:00:00,5.7899513,7.93,16.522398,17.069826,12.218684,12.623521
2017-06-13 01:00:00,11.80896,12.059999,33.69844,34.814953,18.582262,19.197939
2017-06-13 02:00:00,12.800423,14.11,36.52771,37.737965,21.740938,22.461271
2017-06-13 03:00:00,12.691978,9.41,36.21825,37.41825,14.499095,14.979487
2017-06-13 04:00:00,8.198204,6.5,23.394667,24.16979,10.015315,10.347149
2017-06-13 05:00:00,3.656952,11.2,10.435599,10.781357,17.257158,17.828932
2017-06-13 06:00:00,2.9410095,21.575,8.392562,8.670629,33.243145,34.344574
2017-06-13 07:00:00,2.918005,21.855,8.326916,8.602807,33.674572,34.790295
2017-06-13 08:00:00,3.2325907,7.7149997,9.2246275,9.530263,11.887408,12.281269
2017-06-13 09:00:00,3.6792984,8.16,10.499368,10.847239,12.573072,12.989651
2017-06-13 10:00:00,4.1236877,10.285,11.767492,12.157378,15.84731,16.372372
2017-06-13 11:00:00,3.810361,8.405,10.873372,11.233634,12.950573,13.379659
2017-06-13 12:00:00,2.6862316,9.125,7.6655197,7.9194975,14.059962,14.5258045
2017-06-13 13:00:00,1.0772247,4.54,3.0740042,3.1758537,6.9953127,7.227085
2017-06-13 14:00:00,0.74775505,1.745,2.1338186,2.2045174,2.688727,2.7778113
2017-06-13 15:00:00,0.8400383,1.0999999,2.3971612,2.4765851,1.6948993,1.7510557
2017-06-13 16:00:00,0.45494652,0.72499996,1.2982504,1.3412647,1.1170928,1.154105
2017-06-13 17:00:00,0.2472992,0.07,0.7057012,0.7290828,0.10785724,0.11143083
2017-06-13 18:00:00,0.2562847,0.155,0.73134255,0.75557375,0.23882675,0.2467397
2017-06-13 19:00:00,0.39611816,0.41,1.130376,1.1678281,0.63173527,0.6526663
2017-06-13 20:00:00,0.23052216,0.21,0.65782565,0.6796211,0.3235717,0.33429247
2017-06-13 21:00:00,0.009983063,0.42,0.028487999,0.029431878,0.6471434,0.66858494
2017-06-13 22:00:00,0.064014435,0.525,0.18267371,0.18872616,0.80892926,0.8357312
2017-06-13 23:00:00,0.1516056,0.005,0.43262678,0.44696078,0.0077040885,0.007959344
2017-06-14 00:00:00,0.15950203,0.0,0.4551603,0.4702409,0.0,0.0
2017-06-14 01:00:00,1.0904369,0.0,3.111707,3.2148056,0.0,0.0
2017-06-14 02:00:00,1.658886,0.0,4.733852,4.8906965,0.0,0.0
2017-06-14 03:00:00,2.1283035,0.0,6.0733976,6.2746243,0.0,0.0
2017-06-14 04:00:00,1.0196438,0.0,2.9096894,3.0060947,0.0,0.0
2017-06-14 05:00:00,1.2669144,0.0,3.6153088,3.735093,0.0,0.0
2017-06-14 06:00:00,1.4868851,0.0,4.2430243,4.3836064,0.0,0.0
2017-06-14 07:00:00,1.1514686,0.12,3.2858691,3.3947382,0.18489812,0.19102427
2017-06-14 08:00:00,0.61918044,0.0,1.7669139,1.8254561,0.0,0.0
2017-06-14 09:00:00,0.6855167,0.055,1.9562132,2.0210276,0.084744975,0.08755279
2017-06-14 10:00:00,0.52169704,0.26999998,1.488732,1.5380574,0.41602075,0.4298046
2017-06-14 11:00:00,0.6949456,0.0,1.9831197,2.0488255,0.0,0.0
2017-06-14 12:00:00,0.3220141,0.0,0.9189101,0.9493559,0.0,0.0
2017-06-14 13:00:00,0.15464401,,0.4412973,0.45591855,,
2017-06-14 14:00:00,0.37523365,,1.0707792,1.1062567,,
2017-06-14 15:00:00,0.6221609,,1.775419,1.834243,,
2017-06-14 16:00:00,0.595808,,1.7002176,1.75655,,
2017-06-14 17:00:00,0.10235596,,0.29208636,0.3017639,,
2017-06-14 18:00:00,0.1268239,,0.36190888,0.37389985,,
2017-06-14 19:00:00,0.17209339,,0.4910914,0.5073625,,
2017-06-14 20:00:00,0.013589859,,0.038780473,0.040065367,,
2017-06-14 21:00:00,0.005364418,,0.015308081,0.015815277,,
2017-06-14 22:00:00,0.010266781,,0.029297626,0.03026833,,
2017-06-14 23:00:00,0.054240227,,0.15478171,0.15991001,,
2017-06-15 00:00:00,0.078234196,,0.2232517,0.23064858,,
2017-06-15 01:00:00,0.019207478,,0.054811094,0.056627125,,
2017-06-15 02:00:00,0.04121685,,0.11761777,0.12151474,,
2017-06-15 03:00:00,0.07764959,,0.22158346,0.22892506,,
2017-06-15 04:00:00,0.067204475,,0.19177692,0.19813097,,
2017-06-15 05:00:00,0.06437302,,0.18369697,0.18978332,,
2017-06-15 06:00:00,0.14090538,,0.40209228,0.41541457,,
2017-06-15 07:00:00,0.24406984,,0.6964858,0.7195621,,
2017-06-15 08:00:00,0.4137605,,1.1807207,1.219841,,
2017-06-15 09:00:00,0.46016657,,1.3131466,1.3566544,,
2017-06-15 10:00:00,0.12706208,,0.36258858,0.37460205,,
2017-06-15 11:00:00,0.06389618,,0.18233626,0.18837751,,
2017-06-15 12:00:00,0.033788443,,0.09641982,0.09961445,,
2017-06-15 13:00:00,1.1136086,,3.1778305,3.28312,,
2017-06-15 14:00:00,2.766305,,7.8940196,8.155568,,
2017-06-15 15:00:00,0.62693644,,1.7890466,1.8483222,,
2017-06-15 16:00:00,0.6719384,,1.9174658,1.9809961,,
2017-06-15 17:00:00,0.5180459,,1.478313,1.5272932,,
2017-06-15 18:00:00,0.23479795,,0.67002726,0.6922269,,
2017-06-15 19:00:00,0.29142952,,0.831633,0.859187,,
2017-06-15 20:00:00,0.4417305,,1.2605368,1.3023015,,
2017-06-15 21:00:00,0.41162968,,1.17464,1.2135589,,
2017-06-15 22:00:00,0.9968424,,2.8446224,2.9388719,,
2017-06-15 23:00:00,1.319603,,3.765663,3.8904285,,
2017-06-16 00:00:00,2.512723,,7.1703897,7.4079623,,
2017-06-16 01:00:00,1.6788988,,4.7909613,4.949698,,
2017-06-16 02:00:00,1.58885,,4.533995,4.6842175,,
2017-06-16 03:00:00,1.8245716,,5.206658,5.3791676,,
2017-06-16 04:00:00,1.3250866,,3.781311,3.9065952,,
2017-06-16 05:00:00,1.3404331,,3.8251045,3.9518397,,
2017-06-16 06:00:00,1.0723782,,3.060174,3.161565,,
2017-06-16 07:00:00,1.2851729,,3.667412,3.7889225,,
2017-06-16 08:00:00,0.95510125,,2.7255087,2.8158114,,
2017-06-16 09:00:00,0.8035338,,2.2929907,2.3689632,,
2017-06-16 10:00:00,1.1069851,,3.1589293,3.2635925,,
2017-06-16 11:00:00,1.7788858,,5.0762877,5.2444777,,
2017-06-16 12:00:00,1.9085851,,5.4464016,5.6268544,,
2017-06-16 13:00:00,1.4186654,,4.048351,4.1824827,,
2017-06-16 14:00:00,4.457712,,12.720675,13.142143,,
2017-06-16 15:00:00,1.3446732,,3.837204,3.96434,,
2017-06-16 16:00:00,0.87042904,,2.4838853,2.5661824,,
2017-06-16 17:00:00,0.24162197,,0.68950045,0.71234536,,
2017-06-16 18:00:00,0.47761154,,1.3629282,1.4080853,,
2017-06-16 19:00:00,0.409544,,1.1686883,1.2074099,,
2017-06-16 20:00:00,0.21773529,,0.62133664,0.64192307,,
2017-06-16 21:00:00,0.19456482,,0.5552166,0.57361233,,
2017-06-16 22:00:00,0.24250221,,0.69201237,0.7149404,,
2017-06-16 23:00:00,0.18416405,,0.52553666,0.54294896,,
