q,era5land_mm,gauge_mm
0.0,0.0,0.0
0.01,0.000852346362080425,0.0
0.02,0.001698434352874756,0.0
0.03,0.003907978511415422,0.0
0.04,0.010153569653630259,0.0
0.05,0.02713947230949998,0.0
0.06,0.06237056329846382,0.0
0.07,0.10093084871768952,0.0
0.08,0.14231388568878173,0.0
0.09,0.20151187777519222,0.0
0.1,0.24473518133163452,0.0
0.11,0.31478984355926526,0.0
0.12,0.411207377910614,0.0
0.13,0.4727136239409447,0.0
0.14,0.5597312510013581,0.0
0.15,0.6268320828676224,0.0
0.16,0.7151945114135744,0.0
0.17,0.7905070543289185,0.0
0.18,0.8747053980827331,0.0
0.19,0.9560451716184616,0.0
0.2,1.028680682182312,0.0
0.21,1.1294832348823547,0.0
0.22,1.1919321537017824,0.0
0.23,1.277525544166565,0.0
0.24,1.3862892866134642,0.0
0.25,1.4964524507522583,0.0
0.26,1.587174391746521,0.0
0.27,1.6863308846950533,0.0
0.28,1.7830966711044312,0.0
0.29,1.8960096538066864,0.0
0.3,2.0005642771720886,0.0
0.31,2.1433743119239805,0.0
0.32,2.253378486633301,0.0
0.33,2.421799981594086,0.0
0.34,2.564174127578736,0.0
0.35000000000000003,2.7292913794517517,0.0
0.36,2.9357214450836175,0.0
0.37,3.0536712646484374,0.0
0.38,3.253749585151672,0.0
0.39,3.43475261926651,0.3
0.4,3.650635242462158,0.3
0.41000000000000003,3.87450386285782,0.5
0.42,4.062648010253906,0.8
0.43,4.253932166099548,1.0
0.44,4.528600788116456,1.0
0.45,4.7609134912490845,1.0
0.46,4.909106302261353,1.3
0.47000000000000003,5.2213232040405275,1.5
0.48,5.436862468719482,1.8
0.49,5.595638370513915,2.0
0.5,5.82928204536438,2.0
0.51,6.053554606437684,2.3
0.52,6.308527946472168,2.8
0.53,6.569615316390994,3.0
0.54,6.880533838272095,3.0
0.55,7.083264589309692,3.6500000000000457
0.56,7.380157756805422,4.1
0.5700000000000001,7.728406262397772,4.3
0.58,8.037026691436767,4.6
0.59,8.306812572479247,5.1
0.6,8.655763626098633,5.1
0.61,8.956533813476561,6.1
0.62,9.309578323364258,6.310000000000014
0.63,9.614339542388915,7.1
0.64,10.051269340515137,7.9
0.65,10.288978099822998,8.1
0.66,10.726501655578614,8.9
0.67,11.190792560577394,9.7
0.68,11.834666061401384,10.2
0.6900000000000001,12.221029949188232,10.9
0.7000000000000001,12.581906795501709,11.9
0.71,13.197788524627683,13.0
0.72,13.778096771240225,14.0
0.73,14.264723634719843,15.0
0.74,14.778619766235352,16.0
0.75,15.21297836303711,17.5
0.76,15.82712345123291,19.1
0.77,16.452608871459965,20.3
0.78,17.28145046234131,21.66000000000004
0.79,18.19946527481079,23.6
0.8,19.05312728881836,25.4
0.81,19.75613479614258,27.00500000000011
0.8200000000000001,20.9174264907837,29.5
0.8300000000000001,22.15962238311768,31.5
0.84,23.314998626708988,34.0
0.85,24.664905071258545,36.1
0.86,25.913173103332518,39.9
0.87,27.53315114974975,42.9
0.88,29.42250442504883,45.16000000000004
0.89,31.609105587005622,48.83000000000001
0.9,33.31431198120117,52.85
0.91,36.063193702697724,56.9
0.92,39.668442535400416,61.540000000000056
0.93,42.959301185607956,66.5
0.9400000000000001,47.419631958007834,74.9
0.95,51.78321933746338,83.35
0.951,52.02909030914306,84.61299999999973
0.952,52.72768432617187,86.6
0.953,52.833572425842284,87.2775
0.954,53.40579929351804,88.41199999999989
0.955,53.71276588439939,89.02749999999992
0.956,53.988161697387696,89.9
0.957,54.40608976364131,90.04849999999998
0.958,55.00615776062004,91.46499999999988
0.959,55.73490365982056,93.26500000000006
0.96,56.37007598876947,94.5
0.961,57.11182006835936,96.31749999999988
0.962,57.86618171691895,98.83600000000006
0.963,58.380124645233124,99.74099999999999
0.964,58.69472976684567,101.33999999999978
0.965,58.956143379211426,103.49500000000016
0.966,59.597495040893534,104.9
0.967,60.731698303222615,106.86899999999997
0.968,61.26353088378907,109.2
0.969,62.319285507202125,111.91499999999996
0.97,62.81589965820312,112.48999999999997
0.971,63.39037328720096,113.29550000000003
0.972,64.48562774658203,115.60399999999998
0.973,64.80270957946767,116.1
0.974,67.74721252441408,117.50700000000033
0.975,68.71998310089111,119.9625
0.976,69.6166662597656,123.02799999999989
0.977,70.78569282531738,125.49250000000025
0.978,71.26771926879883,128.23000000000002
0.979,71.93204551696773,131.37949999999998
0.98,72.6781936645507,136.19999999999973
0.981,74.93139720916751,139.26850000000005
0.982,77.8035458374023,140.88499999999993
0.983,79.97239063262924,145.33899999999903
0.984,81.58781433105474,150.67200000000008
0.985,82.81253566741941,153.54249999999996
0.986,83.69174583435058,162.20199999999997
0.987,83.79095497131348,168.53500000000022
0.988,87.6123289489746,173.91799999999984
0.989,89.29816799163797,178.1
0.99,91.4383926391602,180.14500000000012
0.991,96.74919490814194,195.22149999999922
0.992,105.44142608642554,210.24399999999795
0.993,108.35399799346926,231.52800000000062
0.994,111.25559799194336,234.83199999999997
0.995,124.30846328735316,245.6474999999992
0.996,136.2261666870125,254.39800000000054
0.997,150.71311523437492,273.06449999999995
0.998,179.41418563842677,300.8449999999973
0.999,203.06208518981936,359.451000000006
