,depth_m
2017-06-10 00:00:10.000,0.0
2017-06-10 00:15:00.000,0.0002
2017-06-10 00:30:00.000,0.0003
2017-06-10 00:45:00.000,0.0006
2017-06-10 01:00:00.000,0.0008
2017-06-10 01:15:00.000,0.0009
2017-06-10 01:30:00.000,0.001
2017-06-10 01:45:00.000,0.001
2017-06-10 02:00:00.000,0.001
2017-06-10 02:15:00.000,0.001
2017-06-10 02:30:00.000,0.001
2017-06-10 02:45:00.000,0.001
2017-06-10 03:00:00.000,0.001
2017-06-10 03:15:00.000,0.001
2017-06-10 03:30:00.000,0.001
2017-06-10 03:45:00.000,0.001
2017-06-10 04:00:00.000,0.001
2017-06-10 04:15:00.000,0.001
2017-06-10 04:30:00.000,0.001
2017-06-10 04:45:00.000,0.001
2017-06-10 05:00:00.000,0.001
2017-06-10 05:15:00.000,0.001
2017-06-10 05:30:00.000,0.001
2017-06-10 05:45:00.000,0.001
2017-06-10 06:00:00.000,0.001
2017-06-10 06:15:00.000,0.001
2017-06-10 06:30:00.000,0.001
2017-06-10 06:45:00.000,0.001
2017-06-10 07:00:00.000,0.001
2017-06-10 07:15:00.000,0.001
2017-06-10 07:30:00.000,0.001
2017-06-10 07:45:00.000,0.001
2017-06-10 08:00:00.000,0.001
2017-06-10 08:15:00.000,0.001
2017-06-10 08:30:00.000,0.001
2017-06-10 08:45:00.000,0.001
2017-06-10 09:00:00.000,0.001
2017-06-10 09:15:00.000,0.001
2017-06-10 09:30:00.000,0.001
2017-06-10 09:45:00.000,0.001
2017-06-10 10:00:00.000,0.001
2017-06-10 10:15:00.000,0.001
2017-06-10 10:30:00.000,0.001
2017-06-10 10:45:00.000,0.001
2017-06-10 11:00:00.000,0.001
2017-06-10 11:15:00.000,0.001
2017-06-10 11:30:00.000,0.001
2017-06-10 11:45:00.000,0.001
2017-06-10 12:00:00.000,0.001
2017-06-10 12:15:00.000,0.001
2017-06-10 12:30:00.000,0.001
2017-06-10 12:45:00.000,0.001
2017-06-10 13:00:00.000,0.001
2017-06-10 13:15:00.000,0.001
2017-06-10 13:30:00.000,0.001
2017-06-10 13:45:00.000,0.0011
2017-06-10 14:00:00.000,0.0012
2017-06-10 14:15:00.000,0.0012
2017-06-10 14:30:00.000,0.0012
2017-06-10 14:45:00.000,0.0016
2017-06-10 15:00:00.000,0.0019
2017-06-10 15:15:00.000,0.0027
2017-06-10 15:30:00.000,0.004
2017-06-10 15:45:00.000,0.0052
2017-06-10 16:00:00.000,0.0064
2017-06-10 16:15:00.000,0.0069
2017-06-10 16:30:00.000,0.0075
2017-06-10 16:45:00.000,0.0092
2017-06-10 17:00:00.000,0.0118
2017-06-10 17:15:00.000,0.016
2017-06-10 17:30:00.000,0.0218
2017-06-10 17:45:00.000,0.0285
2017-06-10 18:00:00.000,0.0358
2017-06-10 18:15:00.000,0.0428
2017-06-10 18:30:00.000,0.0496
2017-06-10 18:45:00.000,0.056
2017-06-10 19:00:00.000,0.062
2017-06-10 19:15:00.000,0.0669
2017-06-10 19:30:00.000,0.0715
2017-06-10 19:45:00.000,0.0766
2017-06-10 20:00:00.000,0.0908
2017-06-10 20:15:00.000,0.1689
2017-06-10 20:30:00.000,0.295
2017-06-10 20:45:00.000,0.4074
2017-06-10 21:00:00.000,0.5051
2017-06-10 21:15:00.000,0.5959
2017-06-10 21:30:00.000,0.6854
2017-06-10 21:45:00.000,0.7772
2017-06-10 22:00:00.000,0.8731
2017-06-10 22:15:00.000,0.9751
2017-06-10 22:30:00.000,1.0808
2017-06-10 22:45:00.000,1.1868
2017-06-10 23:00:08.859,1.2919
2017-06-10 23:15:04.617,1.3916
2017-06-10 23:30:08.564,1.4875
2017-06-10 23:45:01.626,1.5766
2017-06-11 00:00:01.839,1.6613
2017-06-11 00:15:04.243,1.7414
2017-06-11 00:30:02.324,1.818
2017-06-11 00:45:07.474,1.8934
2017-06-11 01:00:03.836,1.9674
2017-06-11 01:15:01.836,2.0411
2017-06-11 01:30:02.245,2.1148
2017-06-11 01:45:06.099,2.1887
2017-06-11 02:00:04.515,2.2646
2017-06-11 02:15:00.030,2.3464
2017-06-11 02:30:01.245,2.4366
2017-06-11 02:45:07.842,2.5332
2017-06-11 03:00:01.693,2.6319
2017-06-11 03:15:02.608,2.7332
2017-06-11 03:30:04.975,2.835
2017-06-11 03:45:03.702,2.9364
2017-06-11 04:00:01.686,3.0362
2017-06-11 04:15:00.669,3.1344
2017-06-11 04:30:02.039,3.2302
2017-06-11 04:45:06.952,3.3215
2017-06-11 05:00:00.527,3.4054
2017-06-11 05:15:06.962,3.484
2017-06-11 05:30:03.384,3.5551
2017-06-11 05:45:05.709,3.6201
2017-06-11 06:00:06.389,3.6785
2017-06-11 06:15:05.276,3.7305
2017-06-11 06:30:01.848,3.7761
2017-06-11 06:45:03.784,3.8161
2017-06-11 07:00:03.113,3.8512
2017-06-11 07:15:07.220,3.8816
2017-06-11 07:30:00.396,3.9074
2017-06-11 07:45:04.882,3.9305
2017-06-11 08:00:04.607,3.951
2017-06-11 08:15:05.835,3.9698
2017-06-11 08:30:05.347,3.9874
2017-06-11 08:45:00.869,4.0043
2017-06-11 09:00:06.148,4.0215
2017-06-11 09:15:06.416,4.0411
2017-06-11 09:30:02.496,4.0632
2017-06-11 09:45:02.215,4.0892
2017-06-11 10:00:06.341,4.1203
2017-06-11 10:15:01.996,4.1555
2017-06-11 10:30:03.807,4.1973
2017-06-11 10:45:05.982,4.2469
2017-06-11 11:00:03.279,4.3054
2017-06-11 11:15:03.574,4.3751
2017-06-11 11:30:01.075,4.4567
2017-06-11 11:45:03.094,4.5518
2017-06-11 12:00:03.671,4.6602
2017-06-11 12:15:03.315,4.7819
2017-06-11 12:30:02.181,4.9163
2017-06-11 12:45:00.666,5.0617
2017-06-11 13:00:05.630,5.218
2017-06-11 13:15:04.002,5.3825
2017-06-11 13:30:02.299,5.5529
2017-06-11 13:45:00.350,5.7275
2017-06-11 14:00:04.481,5.9042
2017-06-11 14:15:01.055,6.0766
2017-06-11 14:30:02.650,6.2451
2017-06-11 14:45:02.263,6.4082
2017-06-11 15:00:06.317,6.5658
2017-06-11 15:15:01.733,6.7154
2017-06-11 15:30:01.759,6.858
2017-06-11 15:45:00.050,6.9931
2017-06-11 16:00:03.300,7.1216
2017-06-11 16:15:05.159,7.2417
2017-06-11 16:30:05.885,7.3537
2017-06-11 16:45:05.871,7.4568
2017-06-11 17:00:05.564,7.5499
2017-06-11 17:15:05.339,7.632
2017-06-11 17:30:05.251,7.7039
2017-06-11 17:45:03.875,7.7663
2017-06-11 18:00:01.107,7.8209
2017-06-11 18:15:03.499,7.8688
2017-06-11 18:30:04.691,7.9108
2017-06-11 18:45:04.817,7.9466
2017-06-11 19:00:04.022,7.9768
2017-06-11 19:15:02.421,8.0028
2017-06-11 19:30:00.106,8.0255
2017-06-11 19:45:03.618,8.0456
2017-06-11 20:00:00.290,8.0627
2017-06-11 20:15:03.055,8.0784
2017-06-11 20:30:05.631,8.0921
2017-06-11 20:45:01.738,8.1041
2017-06-11 21:00:04.297,8.1146
2017-06-11 21:15:00.637,8.1236
2017-06-11 21:30:03.670,8.1314
2017-06-11 21:45:00.639,8.1382
2017-06-11 22:00:04.417,8.1441
2017-06-11 22:15:02.080,8.1491
2017-06-11 22:30:00.113,8.1537
2017-06-11 22:45:05.037,8.1578
2017-06-11 23:00:04.119,8.1615
2017-06-11 23:15:03.873,8.1648
2017-06-11 23:30:04.396,8.1678
2017-06-11 23:45:05.787,8.1711
2017-06-12 00:00:01.690,8.1745
2017-06-12 00:15:05.090,8.1774
2017-06-12 00:30:03.172,8.1797
2017-06-12 00:45:02.348,8.1819
2017-06-12 01:00:02.474,8.184
2017-06-12 01:15:03.621,8.1869
2017-06-12 01:30:05.559,8.1902
2017-06-12 01:45:01.355,8.1935
2017-06-12 02:00:04.048,8.1969
2017-06-12 02:15:00.683,8.2
2017-06-12 02:30:04.287,8.2028
2017-06-12 02:45:01.790,8.2052
2017-06-12 03:00:06.114,8.2079
2017-06-12 03:15:04.265,8.211
2017-06-12 03:30:02.672,8.2144
2017-06-12 03:45:01.310,8.2179
2017-06-12 04:00:00.153,8.2218
2017-06-12 04:15:05.608,8.2255
2017-06-12 04:30:04.543,8.2289
2017-06-12 04:45:03.460,8.233
2017-06-12 05:00:02.320,8.2378
2017-06-12 05:15:01.019,8.2451
2017-06-12 05:30:05.934,8.2562
2017-06-12 05:45:03.769,8.2698
2017-06-12 06:00:00.757,8.2858
2017-06-12 06:15:03.161,8.3064
2017-06-12 06:30:04.240,8.3313
2017-06-12 06:45:03.815,8.3594
2017-06-12 07:00:01.397,8.3897
2017-06-12 07:15:02.089,8.4211
2017-06-12 07:30:00.771,8.4534
2017-06-12 07:45:01.281,8.4854
2017-06-12 08:00:04.658,8.5172
2017-06-12 08:15:00.348,8.5482
2017-06-12 08:30:02.425,8.5791
2017-06-12 08:45:00.479,8.6089
2017-06-12 09:00:01.535,8.6392
2017-06-12 09:15:00.633,8.6702
2017-06-12 09:30:03.890,8.7018
2017-06-12 09:45:00.282,8.7337
2017-06-12 10:00:01.751,8.7663
2017-06-12 10:15:02.949,8.7995
2017-06-12 10:30:04.241,8.8334
2017-06-12 10:45:00.447,8.8668
2017-06-12 11:00:02.996,8.9003
2017-06-12 11:15:01.036,8.9339
2017-06-12 11:30:00.352,8.9684
2017-06-12 11:45:01.267,9.0046
2017-06-12 12:00:04.170,9.0412
2017-06-12 12:15:04.122,9.0777
2017-06-12 12:30:01.423,9.1143
2017-06-12 12:45:01.863,9.152
2017-06-12 13:00:00.234,9.1903
2017-06-12 13:15:02.500,9.2311
2017-06-12 13:30:04.615,9.2743
2017-06-12 13:45:01.572,9.3176
2017-06-12 14:00:04.737,9.361
2017-06-12 14:15:03.802,9.4043
2017-06-12 14:30:04.402,9.4472
2017-06-12 14:45:01.359,9.4894
2017-06-12 15:00:04.891,9.5316
2017-06-12 15:15:01.389,9.5736
2017-06-12 15:30:00.687,9.6163
2017-06-12 15:45:02.994,9.6605
2017-06-12 16:00:03.161,9.7054
2017-06-12 16:15:01.440,9.7519
2017-06-12 16:30:03.367,9.7997
2017-06-12 16:45:03.800,9.8465
2017-06-12 17:00:02.953,9.8936
2017-06-12 17:15:01.009,9.9422
2017-06-12 17:30:03.415,9.9913
2017-06-12 17:45:04.950,10.0412
2017-06-12 18:00:00.427,10.0915
2017-06-12 18:15:00.555,10.1423
2017-06-12 18:30:00.143,10.1928
2017-06-12 18:45:04.623,10.2424
2017-06-12 19:00:03.561,10.2913
2017-06-12 19:15:02.361,10.3395
2017-06-12 19:30:01.168,10.3874
2017-06-12 19:45:00.070,10.4345
2017-06-12 20:00:04.398,10.4815
2017-06-12 20:15:03.539,10.5274
2017-06-12 20:30:02.889,10.5724
2017-06-12 20:45:02.559,10.617
2017-06-12 21:00:02.659,10.6607
2017-06-12 21:15:03.278,10.704
2017-06-12 21:30:04.480,10.7469
2017-06-12 21:45:01.020,10.7898
2017-06-12 22:00:03.540,10.8332
2017-06-12 22:15:01.463,10.8755
2017-06-12 22:30:04.773,10.9175
2017-06-12 22:45:02.502,10.9585
2017-06-12 23:00:00.014,10.999
2017-06-12 23:15:02.605,11.0398
2017-06-12 23:30:04.888,11.0803
2017-06-12 23:45:01.494,11.1209
2017-06-13 00:00:02.939,11.1618
2017-06-13 00:15:03.789,11.2032
2017-06-13 00:30:03.880,11.245
2017-06-13 00:45:02.986,11.289
2017-06-13 01:00:00.742,11.3342
2017-06-13 01:15:02.085,11.3814
2017-06-13 01:30:01.375,11.4298
2017-06-13 01:45:03.507,11.4811
2017-06-13 02:00:02.826,11.5347
2017-06-13 02:15:04.247,11.592
2017-06-13 02:30:02.300,11.6519
2017-06-13 02:45:01.986,11.7106
2017-06-13 03:00:02.978,11.7693
2017-06-13 03:15:00.076,11.8264
2017-06-13 03:30:03.631,11.8843
2017-06-13 03:45:03.457,11.9437
2017-06-13 04:00:04.993,12.0055
2017-06-13 04:15:03.675,12.0701
2017-06-13 04:30:04.964,12.1374
2017-06-13 04:45:04.259,12.2078
2017-06-13 05:00:02.053,12.2802
2017-06-13 05:15:03.673,12.3561
2017-06-13 05:30:04.324,12.4343
2017-06-13 05:45:04.258,12.5096
2017-06-13 06:00:03.651,12.5848
2017-06-13 06:15:02.659,12.6603
2017-06-13 06:30:01.418,12.7351
2017-06-13 06:45:00.053,12.8082
2017-06-13 07:00:03.638,12.8796
2017-06-13 07:15:02.217,12.9495
2017-06-13 07:30:00.793,13.0171
2017-06-13 07:45:04.399,13.083
2017-06-13 08:00:03.069,13.1459
2017-06-13 08:15:01.770,13.2053
2017-06-13 08:30:00.474,13.2616
2017-06-13 08:45:04.202,13.3147
2017-06-13 09:00:03.009,13.3642
2017-06-13 09:15:01.890,13.4101
2017-06-13 09:30:00.864,13.4529
2017-06-13 09:45:04.944,13.4927
2017-06-13 10:00:04.150,13.5289
2017-06-13 10:15:03.549,13.5616
2017-06-13 10:30:03.231,13.5913
2017-06-13 10:45:03.273,13.6177
2017-06-13 11:00:03.760,13.641
2017-06-13 11:15:04.751,13.6616
2017-06-13 11:30:01.281,13.6794
2017-06-13 11:45:03.437,13.6948
2017-06-13 12:00:01.284,13.7078
2017-06-13 12:15:04.872,13.7187
2017-06-13 12:30:04.139,13.7274
2017-06-13 12:45:04.075,13.7345
2017-06-13 13:00:04.633,13.7396
2017-06-13 13:15:00.750,13.743
2017-06-13 13:30:02.483,13.7448
2017-06-13 13:45:04.749,13.7457
2017-06-13 14:00:02.421,13.7453
2017-06-13 14:15:00.456,13.7443
2017-06-13 14:30:03.814,13.7424
2017-06-13 14:45:02.261,13.7404
2017-06-13 15:00:00.661,13.7379
2017-06-13 15:15:03.975,13.7352
2017-06-13 15:30:02.065,13.7323
2017-06-13 15:45:04.997,13.7286
2017-06-13 16:00:02.671,13.7248
2017-06-13 16:15:00.162,13.7203
2017-06-13 16:30:02.586,13.7154
2017-06-13 16:45:04.976,13.7095
2017-06-13 17:00:02.376,13.7031
2017-06-13 17:15:04.930,13.696
2017-06-13 17:30:02.613,13.6883
2017-06-13 17:45:00.535,13.68
2017-06-13 18:00:03.818,13.6709
2017-06-13 18:15:02.429,13.6615
2017-06-13 18:30:01.475,13.6514
2017-06-13 18:45:01.002,13.641
2017-06-13 19:00:01.056,13.6301
2017-06-13 19:15:01.701,13.6183
2017-06-13 19:30:03.013,13.6059
2017-06-13 19:45:05.056,13.5931
2017-06-13 20:00:02.828,13.5797
2017-06-13 20:15:01.449,13.5658
2017-06-13 20:30:01.005,13.5512
2017-06-13 20:45:01.495,13.5368
2017-06-13 21:00:02.898,13.5219
2017-06-13 21:15:00.118,13.5067
2017-06-13 21:30:03.307,13.4911
2017-06-13 21:45:02.249,13.4753
2017-06-13 22:00:02.016,13.459
2017-06-13 22:15:02.623,13.4417
2017-06-13 22:30:04.096,13.4237
2017-06-13 22:45:01.319,13.405
2017-06-13 23:00:04.560,13.3855
2017-06-13 23:15:03.575,13.3655
2017-06-13 23:30:03.515,13.3449
2017-06-13 23:45:04.404,13.3235
2017-06-14 00:00:01.117,13.3017
2017-06-14 00:15:03.992,13.2793
2017-06-14 00:30:02.739,13.2567
2017-06-14 00:45:02.529,13.2337
2017-06-14 01:00:03.341,13.2104
2017-06-14 01:15:00.002,13.1871
2017-06-14 01:30:02.906,13.1634
2017-06-14 01:45:01.704,13.1399
2017-06-14 02:00:01.610,13.1163
2017-06-14 02:15:02.660,13.0927
2017-06-14 02:30:04.911,13.0692
2017-06-14 02:45:03.170,13.0457
2017-06-14 03:00:02.682,13.0222
2017-06-14 03:15:03.444,12.9988
2017-06-14 03:30:00.199,12.9754
2017-06-14 03:45:03.445,12.9519
2017-06-14 04:00:02.698,12.9285
2017-06-14 04:15:03.212,12.9051
2017-06-14 04:30:04.967,12.8818
2017-06-14 04:45:02.673,12.8587
2017-06-14 05:00:01.591,12.8356
2017-06-14 05:15:01.722,12.8123
2017-06-14 05:30:03.080,12.7889
2017-06-14 05:45:00.337,12.7657
2017-06-14 06:00:04.083,12.7424
2017-06-14 06:15:03.665,12.7192
2017-06-14 06:30:04.368,12.696
2017-06-14 06:45:00.837,12.6729
2017-06-14 07:00:03.732,12.6496
2017-06-14 07:15:02.353,12.6265
2017-06-14 07:30:02.014,12.6033
2017-06-14 07:45:02.690,12.58
2017-06-14 08:00:04.355,12.5568
2017-06-14 08:15:01.606,12.5339
2017-06-14 08:30:05.156,12.5109
2017-06-14 08:45:04.223,12.4881
2017-06-14 09:00:03.962,12.4653
2017-06-14 09:15:03.657,12.4427
2017-06-14 09:30:03.333,12.4202
2017-06-14 09:45:03.095,12.3978
2017-06-14 10:00:03.054,12.3756
2017-06-14 10:15:03.321,12.3535
2017-06-14 10:30:04.018,12.3316
2017-06-14 10:45:05.243,12.3098
2017-06-14 11:00:01.632,12.2883
2017-06-14 11:15:04.092,12.2668
2017-06-14 11:30:01.924,12.2457
2017-06-14 11:45:00.638,12.2247
2017-06-14 12:00:00.340,12.2039
2017-06-14 12:15:01.131,12.1833
2017-06-14 12:30:03.113,12.1629
