,q_m3s
2017-06-10 00:00:10.000,0.0
2017-06-10 00:15:00.000,0.0
2017-06-10 00:30:00.000,0.0
2017-06-10 00:45:00.000,0.0
2017-06-10 01:00:00.000,0.0
2017-06-10 01:15:00.000,0.0
2017-06-10 01:30:00.000,0.0
2017-06-10 01:45:00.000,0.0
2017-06-10 02:00:00.000,0.0
2017-06-10 02:15:00.000,0.0
2017-06-10 02:30:00.000,0.0
2017-06-10 02:45:00.000,0.0
2017-06-10 03:00:00.000,0.0
2017-06-10 03:15:00.000,0.0
2017-06-10 03:30:00.000,0.0
2017-06-10 03:45:00.000,0.0
2017-06-10 04:00:00.000,0.004
2017-06-10 04:15:00.000,0.004
2017-06-10 04:30:00.000,0.008
2017-06-10 04:45:00.000,0.006
2017-06-10 05:00:00.000,0.012
2017-06-10 05:15:00.000,0.011
2017-06-10 05:30:00.000,0.016
2017-06-10 05:45:00.000,0.017
2017-06-10 06:00:00.000,0.018
2017-06-10 06:15:00.000,0.018
2017-06-10 06:30:00.000,0.018
2017-06-10 06:45:00.000,0.017
2017-06-10 07:00:00.000,0.017
2017-06-10 07:15:00.000,0.016
2017-06-10 07:30:00.000,0.016
2017-06-10 07:45:00.000,0.015
2017-06-10 08:00:00.000,0.015
2017-06-10 08:15:00.000,0.014
2017-06-10 08:30:00.000,0.014
2017-06-10 08:45:00.000,0.013
2017-06-10 09:00:00.000,0.013
2017-06-10 09:15:00.000,0.013
2017-06-10 09:30:00.000,0.012
2017-06-10 09:45:00.000,0.012
2017-06-10 10:00:00.000,0.012
2017-06-10 10:15:00.000,0.007
2017-06-10 10:30:00.000,0.011
2017-06-10 10:45:00.000,0.011
2017-06-10 11:00:00.000,0.006
2017-06-10 11:15:00.000,0.01
2017-06-10 11:30:00.000,0.01
2017-06-10 11:45:00.000,0.01
2017-06-10 12:00:00.000,0.006
2017-06-10 12:15:00.000,0.009
2017-06-10 12:30:00.000,0.009
2017-06-10 12:45:00.000,0.009
2017-06-10 13:00:00.000,0.01
2017-06-10 13:15:00.000,0.011
2017-06-10 13:30:00.000,0.011
2017-06-10 13:45:00.000,0.007
2017-06-10 14:00:00.000,0.006
2017-06-10 14:15:00.000,0.006
2017-06-10 14:30:00.000,0.008
2017-06-10 14:45:00.000,0.014
2017-06-10 15:00:00.000,0.016
2017-06-10 15:15:00.000,0.016
2017-06-10 15:30:00.000,0.016
2017-06-10 15:45:00.000,0.018
2017-06-10 16:00:00.000,0.023
2017-06-10 16:15:00.000,0.043
2017-06-10 16:30:00.000,0.091
2017-06-10 16:45:00.000,0.148
2017-06-10 17:00:00.000,0.208
2017-06-10 17:15:00.000,0.32
2017-06-10 17:30:00.000,0.368
2017-06-10 17:45:00.000,0.402
2017-06-10 18:00:00.000,0.419
2017-06-10 18:15:00.000,0.42
2017-06-10 18:30:00.000,0.406
2017-06-10 18:45:00.000,0.385
2017-06-10 19:00:00.000,0.457
2017-06-10 19:15:00.000,0.389
2017-06-10 19:30:00.000,0.37
2017-06-10 19:45:00.000,0.351
2017-06-10 20:00:00.000,0.288
2017-06-10 20:15:00.000,0.32
2017-06-10 20:30:00.000,0.354
2017-06-10 20:45:00.000,0.343
2017-06-10 21:00:00.000,0.237
2017-06-10 21:15:00.000,0.315
2017-06-10 21:30:00.000,0.301
2017-06-10 21:45:00.000,0.29
2017-06-10 22:00:00.000,0.28
2017-06-10 22:15:00.000,0.275
2017-06-10 22:30:05.207,0.273
2017-06-10 22:45:00.705,0.271
2017-06-10 23:00:08.569,0.22
2017-06-10 23:15:01.337,0.267
2017-06-10 23:30:09.531,0.221
2017-06-10 23:45:03.669,0.228
2017-06-11 00:00:03.517,0.26
2017-06-11 00:15:01.571,0.392
2017-06-11 00:30:05.540,0.384
2017-06-11 00:45:00.934,0.533
2017-06-11 01:00:07.990,0.604
2017-06-11 01:15:01.693,0.714
2017-06-11 01:30:00.551,0.784
2017-06-11 01:45:05.385,0.871
2017-06-11 02:00:08.129,0.945
2017-06-11 02:15:00.490,0.989
2017-06-11 02:30:00.114,0.996
2017-06-11 02:45:07.006,0.975
2017-06-11 03:00:03.664,0.94
2017-06-11 03:15:07.346,0.903
2017-06-11 03:30:05.160,0.87
2017-06-11 03:45:05.633,0.851
2017-06-11 04:00:01.029,0.843
2017-06-11 04:15:00.081,0.803
2017-06-11 04:30:02.774,0.806
2017-06-11 04:45:01.530,0.762
2017-06-11 05:00:05.001,0.806
2017-06-11 05:15:06.137,0.748
2017-06-11 05:30:06.244,0.73
2017-06-11 05:45:06.298,0.712
2017-06-11 06:00:07.104,0.739
2017-06-11 06:15:01.739,0.631
2017-06-11 06:30:05.725,0.668
2017-06-11 06:45:04.099,55.063
2017-06-11 07:00:04.275,80.76
2017-06-11 07:15:06.100,99.029
2017-06-11 07:30:02.099,114.287
2017-06-11 07:45:06.763,128.004
2017-06-11 08:00:05.147,140.408
2017-06-11 08:15:03.845,152.38
2017-06-11 08:30:01.766,163.476
2017-06-11 08:45:05.255,174.147
2017-06-11 09:00:06.747,184.147
2017-06-11 09:15:05.945,193.506
2017-06-11 09:30:03.059,202.339
2017-06-11 09:45:05.293,210.73
2017-06-11 10:00:06.157,218.547
2017-06-11 10:15:06.042,225.937
2017-06-11 10:30:05.586,232.826
2017-06-11 10:45:05.563,239.395
2017-06-11 11:00:00.160,245.561
2017-06-11 11:15:03.027,251.504
2017-06-11 11:30:01.732,257.153
2017-06-11 11:45:03.344,262.6
2017-06-11 12:00:02.013,267.765
2017-06-11 12:15:04.834,272.934
2017-06-11 12:30:05.939,278.068
2017-06-11 12:45:05.759,283.227
2017-06-11 13:00:04.560,288.55
2017-06-11 13:15:02.468,294.124
2017-06-11 13:30:05.815,300.094
2017-06-11 13:45:01.797,306.489
2017-06-11 14:00:02.964,313.535
2017-06-11 14:15:02.658,321.357
2017-06-11 14:30:00.451,330.116
2017-06-11 14:45:02.447,340.02
2017-06-11 15:00:02.290,351.094
2017-06-11 15:15:00.006,363.447
2017-06-11 15:30:01.979,377.487
2017-06-11 15:45:02.039,393.053
2017-06-11 16:00:00.329,410.274
2017-06-11 16:15:03.176,429.373
2017-06-11 16:30:04.497,450.155
2017-06-11 16:45:04.565,472.607
2017-06-11 17:00:03.729,496.61
2017-06-11 17:15:02.287,521.746
2017-06-11 17:30:00.523,547.937
2017-06-11 17:45:04.824,575.177
2017-06-11 18:00:02.783,602.444
2017-06-11 18:15:00.773,629.896
2017-06-11 18:30:05.113,657.203
2017-06-11 18:45:03.620,683.551
2017-06-11 19:00:02.705,709.119
2017-06-11 19:15:02.553,733.592
2017-06-11 19:30:03.316,756.816
2017-06-11 19:45:05.178,778.594
2017-06-11 20:00:02.114,798.819
2017-06-11 20:15:00.533,817.519
2017-06-11 20:30:00.623,834.626
2017-06-11 20:45:02.472,850.132
2017-06-11 21:00:04.156,864.256
2017-06-11 21:15:04.949,876.916
2017-06-11 21:30:04.980,888.345
2017-06-11 21:45:04.358,898.606
2017-06-11 22:00:03.201,907.794
2017-06-11 22:15:01.621,915.823
2017-06-11 22:30:05.966,922.982
2017-06-11 22:45:03.875,929.076
2017-06-11 23:00:01.696,934.433
2017-06-11 23:15:05.749,939.212
2017-06-11 23:30:03.658,943.298
2017-06-11 23:45:01.760,946.94
2017-06-12 00:00:00.150,950.168
2017-06-12 00:15:05.152,953.067
2017-06-12 00:30:04.376,955.694
2017-06-12 00:45:04.153,958.125
2017-06-12 01:00:04.568,960.227
2017-06-12 01:15:05.699,962.069
2017-06-12 01:30:01.345,963.671
2017-06-12 01:45:04.082,965.252
2017-06-12 02:00:01.361,966.905
2017-06-12 02:15:05.736,968.592
2017-06-12 02:30:04.566,970.114
2017-06-12 02:45:03.957,971.731
2017-06-12 03:00:03.873,973.173
2017-06-12 03:15:04.293,974.624
2017-06-12 03:30:05.139,976.102
2017-06-12 03:45:00.124,977.482
2017-06-12 04:00:01.934,978.954
2017-06-12 04:15:04.039,980.524
2017-06-12 04:30:05.928,982.08
2017-06-12 04:45:01.036,983.739
2017-06-12 05:00:01.941,985.445
2017-06-12 05:15:02.214,987.212
2017-06-12 05:30:01.548,989.094
2017-06-12 05:45:06.007,991.354
2017-06-12 06:00:02.900,993.82
2017-06-12 06:15:04.247,996.89
2017-06-12 06:30:02.701,1000.329
2017-06-12 06:45:03.778,1004.314
2017-06-12 07:00:00.808,1008.91
2017-06-12 07:15:05.922,1014.13
2017-06-12 07:30:03.871,1019.942
2017-06-12 07:45:01.030,1026.38
2017-06-12 08:00:03.634,1033.296
2017-06-12 08:15:00.344,1040.38
2017-06-12 08:30:03.831,1047.837
2017-06-12 08:45:03.120,1055.252
2017-06-12 09:00:04.857,1062.657
2017-06-12 09:15:04.066,1070.062
2017-06-12 09:30:01.265,1077.572
2017-06-12 09:45:02.445,1085.25
2017-06-12 10:00:02.459,1093.038
2017-06-12 10:15:01.756,1100.898
2017-06-12 10:30:00.805,1108.864
2017-06-12 10:45:05.294,1117.005
2017-06-12 11:00:04.701,1125.141
2017-06-12 11:15:03.888,1133.152
2017-06-12 11:30:04.293,1140.991
2017-06-12 11:45:00.490,1148.732
2017-06-12 12:00:03.136,1156.595
2017-06-12 12:15:01.935,1164.651
2017-06-12 12:30:02.501,1172.827
2017-06-12 12:45:05.150,1181.195
2017-06-12 13:00:00.072,1189.856
2017-06-12 13:15:03.223,1198.766
2017-06-12 13:30:04.788,1207.745
2017-06-12 13:45:00.280,1216.944
2017-06-12 14:00:00.594,1226.805
2017-06-12 14:15:01.048,1237.062
2017-06-12 14:30:01.958,1247.493
2017-06-12 14:45:03.632,1258.158
2017-06-12 15:00:01.100,1268.846
2017-06-12 15:15:04.880,1279.392
2017-06-12 15:30:04.881,1289.725
2017-06-12 15:45:01.153,1300.081
2017-06-12 16:00:04.147,1310.853
2017-06-12 16:15:03.598,1322.006
2017-06-12 16:30:03.525,1333.396
2017-06-12 16:45:01.352,1344.828
2017-06-12 17:00:02.359,1356.652
2017-06-12 17:15:01.534,1368.653
2017-06-12 17:30:04.169,1380.442
2017-06-12 17:45:00.089,1391.991
2017-06-12 18:00:04.876,1403.75
2017-06-12 18:15:03.207,1415.392
2017-06-12 18:30:00.353,1427.317
2017-06-12 18:45:01.584,1439.371
2017-06-12 19:00:01.903,1451.081
2017-06-12 19:15:01.450,1462.792
2017-06-12 19:30:00.390,1475.137
2017-06-12 19:45:03.969,1488.255
2017-06-12 20:00:02.108,1501.325
2017-06-12 20:15:00.038,1513.809
2017-06-12 20:30:02.979,1526.045
2017-06-12 20:45:00.819,1537.962
2017-06-12 21:00:03.849,1549.711
2017-06-12 21:15:01.949,1563.28
2017-06-12 21:30:00.299,1582.161
2017-06-12 21:45:04.070,1603.142
2017-06-12 22:00:03.101,1626.6
2017-06-12 22:15:02.561,1650.87
2017-06-12 22:30:02.509,1675.453
2017-06-12 22:45:02.944,1699.937
2017-06-12 23:00:03.899,1724.469
2017-06-12 23:15:00.145,1748.974
2017-06-12 23:30:01.674,1773.527
2017-06-12 23:45:03.324,1797.681
2017-06-13 00:00:05.057,1821.886
2017-06-13 00:15:01.669,1846.186
2017-06-13 00:30:03.262,1871.13
2017-06-13 00:45:04.514,1895.976
2017-06-13 01:00:05.080,1921.658
2017-06-13 01:15:04.709,1949.345
2017-06-13 01:30:03.200,1978.231
2017-06-13 01:45:00.219,2007.875
2017-06-13 02:00:04.587,2039.134
2017-06-13 02:15:00.552,2071.166
2017-06-13 02:30:03.012,2104.689
2017-06-13 02:45:01.679,2139.23
2017-06-13 03:00:01.337,2174.676
2017-06-13 03:15:01.888,2209.903
2017-06-13 03:30:03.442,2244.857
2017-06-13 03:45:01.077,2280.382
2017-06-13 04:00:00.033,2316.172
2017-06-13 04:15:00.750,2352.572
2017-06-13 04:30:03.584,2391.524
2017-06-13 04:45:04.086,2433.207
2017-06-13 05:00:02.733,2476.55
2017-06-13 05:15:04.685,2521.302
2017-06-13 05:30:00.478,2566.001
2017-06-13 05:45:00.064,2611.784
2017-06-13 06:00:03.642,2659.503
2017-06-13 06:15:01.727,2708.067
2017-06-13 06:30:04.144,2756.908
2017-06-13 06:45:01.388,2804.32
2017-06-13 07:00:03.216,2850.595
2017-06-13 07:15:00.038,2894.68
2017-06-13 07:30:01.539,2937.267
2017-06-13 07:45:02.959,2980.534
2017-06-13 08:00:04.340,3030.441
2017-06-13 08:15:00.860,3080.948
2017-06-13 08:30:02.151,3132.923
2017-06-13 08:45:03.432,3189.062
2017-06-13 09:00:04.763,3253.97
2017-06-13 09:15:01.328,3327.731
2017-06-13 09:30:02.784,3411.75
2017-06-13 09:45:04.350,3496.535
2017-06-13 10:00:01.236,3578.3
2017-06-13 10:15:03.155,3659.36
2017-06-13 10:30:00.553,3738.701
2017-06-13 10:45:03.144,3816.418
2017-06-13 11:00:01.354,3891.307
2017-06-13 11:15:00.036,3963.733
2017-06-13 11:30:04.007,4037.564
2017-06-13 11:45:03.662,4109.832
2017-06-13 12:00:03.906,4185.706
2017-06-13 12:15:04.747,4262.388
2017-06-13 12:30:01.317,4337.884
2017-06-13 12:45:03.294,4407.749
2017-06-13 13:00:00.932,4470.41
2017-06-13 13:15:03.917,4528.113
2017-06-13 13:30:02.524,4580.964
2017-06-13 13:45:01.557,4629.815
2017-06-13 14:00:00.952,4675.073
2017-06-13 14:15:00.640,4717.0
2017-06-13 14:30:00.549,4756.252
2017-06-13 14:45:00.561,4793.824
2017-06-13 15:00:00.525,4829.549
2017-06-13 15:15:00.368,4863.097
2017-06-13 15:30:00.062,4894.221
2017-06-13 15:45:04.437,4923.237
2017-06-13 16:00:03.747,4950.01
2017-06-13 16:15:02.869,4975.017
2017-06-13 16:30:01.865,4998.827
2017-06-13 16:45:00.791,5021.675
2017-06-13 17:00:04.577,5044.048
2017-06-13 17:15:03.558,5065.526
2017-06-13 17:30:02.648,5085.975
2017-06-13 17:45:01.905,5104.562
2017-06-13 18:00:01.399,5121.129
2017-06-13 18:15:01.183,5135.424
2017-06-13 18:30:01.308,5147.51
2017-06-13 18:45:01.820,5157.441
2017-06-13 19:00:02.761,5165.205
2017-06-13 19:15:04.188,5170.843
2017-06-13 19:30:01.288,5174.489
2017-06-13 19:45:03.856,5176.43
2017-06-13 20:00:02.173,5176.682
2017-06-13 20:15:01.150,5175.356
2017-06-13 20:30:00.819,5172.618
2017-06-13 20:45:01.206,5168.51
2017-06-13 21:00:02.329,5163.088
2017-06-13 21:15:04.014,5156.405
2017-06-13 21:30:01.011,5148.582
2017-06-13 21:45:03.186,5139.865
2017-06-13 22:00:00.809,5130.219
2017-06-13 22:15:03.762,5119.512
2017-06-13 22:30:02.316,5108.302
2017-06-13 22:45:01.465,5096.237
2017-06-13 23:00:01.305,5083.56
2017-06-13 23:15:01.914,5070.096
2017-06-13 23:30:03.360,5055.981
2017-06-13 23:45:00.772,5041.061
2017-06-14 00:00:04.072,5025.494
2017-06-14 00:15:03.446,5009.052
2017-06-14 00:30:03.876,4992.015
2017-06-14 00:45:00.421,4974.205
2017-06-14 01:00:02.947,4955.567
2017-06-14 01:15:01.554,4936.328
2017-06-14 01:30:01.251,4916.869
2017-06-14 01:45:02.086,4898.055
2017-06-14 02:00:04.092,4878.028
2017-06-14 02:15:02.025,4857.232
2017-06-14 02:30:00.800,4835.677
2017-06-14 02:45:00.443,4813.66
2017-06-14 03:00:00.974,4791.173
2017-06-14 03:15:02.380,4768.156
2017-06-14 03:30:04.646,4744.906
2017-06-14 03:45:02.761,4721.537
2017-06-14 04:00:01.760,4697.776
2017-06-14 04:15:01.650,4673.963
2017-06-14 04:30:02.416,4649.955
2017-06-14 04:45:04.057,4625.767
2017-06-14 05:00:01.526,4601.501
2017-06-14 05:15:04.925,4576.878
2017-06-14 05:30:04.180,4552.314
2017-06-14 05:45:04.330,4527.932
2017-06-14 06:00:00.292,4503.864
2017-06-14 06:15:01.878,4479.62
2017-06-14 06:30:03.824,4455.343
2017-06-14 06:45:01.009,4431.281
2017-06-14 07:00:03.513,4407.17
2017-06-14 07:15:01.129,4383.299
2017-06-14 07:30:03.825,4359.439
2017-06-14 07:45:01.406,4335.883
2017-06-14 08:00:03.968,4312.221
2017-06-14 08:15:01.368,4288.929
2017-06-14 08:30:03.745,4265.625
2017-06-14 08:45:00.987,4242.396
2017-06-14 09:00:03.278,4219.218
2017-06-14 09:15:00.525,4196.54
2017-06-14 09:30:02.915,4173.686
2017-06-14 09:45:00.360,4151.101
2017-06-14 10:00:03.064,4128.581
2017-06-14 10:15:00.957,4106.49
2017-06-14 10:30:04.256,4084.102
2017-06-14 10:45:02.893,4062.152
2017-06-14 11:00:02.026,4040.417
2017-06-14 11:15:01.745,4018.929
2017-06-14 11:30:02.139,3997.44
2017-06-14 11:45:03.301,3976.059
2017-06-14 12:00:00.230,3954.971
2017-06-14 12:15:03.204,3934.059
2017-06-14 12:30:02.101,3913.446
